date,open,close,high,low,amount
2018-01-02,87.54,88.8,89.12,87.54,1393284.57
2018-01-03,88.47,89.49,90.46,88.43,1519669.0
2018-01-04,89.61,89.73,90.42,88.92,1147914.54
2018-01-05,89.77,90.58,91.43,89.41,1728848.68
2018-01-08,91.07,93.25,94.31,90.7,2489706.42
2018-01-09,93.29,92.85,94.59,92.2,1439193.89
2018-01-10,92.97,93.54,94.06,92.0,1502584.82
2018-01-11,92.93,92.2,93.29,91.55,1133795.4
2018-01-12,92.08,92.4,93.42,91.55,1046038.04
2018-01-15,92.08,92.89,93.86,90.99,2241354.32
2018-01-16,92.12,96.13,96.62,91.84,2330733.15
2018-01-17,97.14,98.92,102.77,97.14,4978876.81
2018-01-18,99.77,100.83,101.76,98.76,2956692.19
2018-01-19,100.62,100.34,102.61,98.84,3630176.65
2018-01-22,99.57,99.98,100.95,98.92,1809997.44
2018-01-23,100.67,100.02,102.65,98.76,3356645.03
2018-01-24,100.79,106.94,107.06,99.77,5070885.83
2018-01-25,105.24,104.55,106.66,104.19,3173316.94
2018-01-26,104.55,104.59,106.21,104.07,2519974.88
2018-01-29,105.12,103.66,106.17,103.26,2644808.43
2018-01-30,102.85,101.72,104.59,101.31,2451539.96
2018-01-31,100.99,100.34,102.0,98.92,2472534.08
2018-02-01,100.79,101.19,101.43,99.21,2786750.87
2018-02-02,99.9,101.27,101.72,98.4,2010010.39
2018-02-05,99.21,102.37,102.65,99.0,2208919.63
2018-02-06,100.14,97.34,101.68,96.66,3364727.49
2018-02-07,99.05,93.29,99.25,93.13,2679636.57
2018-02-08,93.01,92.04,94.1,91.31,1847440.75
2018-02-09,89.37,84.38,90.01,84.26,3478271.31
2018-02-12,84.67,84.3,85.19,83.45,1619696.25
2018-02-13,85.03,85.48,87.18,84.87,2035418.51
2018-02-14,85.4,85.52,85.68,84.3,1036877.1
2018-02-22,86.98,87.06,87.5,86.0,1560165.18
2018-02-23,87.42,87.79,88.84,86.73,1585053.34
2018-02-26,88.64,89.65,90.58,87.06,2119920.34
2018-02-27,89.45,88.03,89.49,87.58,1550422.08
2018-02-28,87.22,87.46,88.47,86.17,1585728.12
2018-03-01,86.57,87.54,88.03,86.21,1115791.06
2018-03-02,86.61,86.33,87.54,86.25,899891.28
2018-03-05,86.33,86.49,87.3,86.25,694798.07
2018-03-06,87.14,88.72,88.92,86.53,1772032.2
2018-03-07,88.23,88.11,89.69,87.83,1275174.07
2018-03-08,88.23,88.6,88.68,87.66,797843.63
2018-03-09,88.84,90.5,90.86,88.39,1673599.62
2018-03-12,91.27,92.28,92.81,90.66,1913708.76
2018-03-13,91.88,90.86,91.96,90.62,1096966.23
2018-03-14,90.22,89.85,91.11,89.61,885779.75
2018-03-15,89.45,90.26,90.62,89.28,777289.37
2018-03-16,90.14,88.39,90.82,88.23,1039978.7
2018-03-19,88.56,89.2,89.89,87.83,939978.27
2018-03-20,88.35,89.77,90.09,87.99,916879.72
2018-03-21,89.85,89.04,91.55,88.84,1503518.51
2018-03-22,89.85,90.09,91.59,89.33,1509102.91
2018-03-23,87.34,85.8,88.68,84.95,2104342.1
2018-03-26,84.79,87.1,87.26,84.79,1105871.8
2018-03-27,88.23,88.31,88.76,87.46,1185303.51
2018-03-28,87.42,86.45,88.27,86.29,1027639.61
2018-03-29,87.1,88.27,88.52,86.25,1444534.51
2018-03-30,88.64,89.37,89.69,88.23,1302674.38
2018-04-02,90.09,90.78,92.48,89.53,1967082.35
2018-04-03,89.73,91.92,92.16,89.57,1777341.72
2018-04-04,92.08,91.11,92.61,91.07,1498178.64
2018-04-09,91.07,92.44,92.48,90.66,1364115.14
2018-04-10,92.65,94.06,94.39,92.16,1885856.16
2018-04-11,92.65,92.89,93.66,92.48,1493054.96
2018-04-12,92.89,91.51,93.62,91.27,1181393.97
2018-04-13,92.08,90.74,92.44,90.66,930450.91
2018-04-16,90.26,88.6,90.9,88.47,1232827.41
2018-04-17,88.64,88.68,90.42,88.56,1145175.98
2018-04-18,89.85,90.22,90.62,88.84,1196789.06
2018-04-19,90.05,91.11,91.71,89.89,1059824.99
2018-04-20,90.82,88.15,90.82,88.03,1047305.78
2018-04-23,88.07,89.16,89.49,88.07,756210.87
2018-04-24,89.28,92.04,92.12,89.28,1535187.47
2018-04-25,91.51,91.63,91.88,90.9,823930.72
2018-04-26,91.92,90.01,92.12,89.81,896618.4
2018-04-27,90.82,91.03,91.71,90.05,904609.96
2018-05-02,92.57,91.63,92.97,91.31,935466.32
2018-05-03,91.31,93.46,93.74,91.23,1529332.25
2018-05-04,92.97,92.57,93.7,92.36,914994.39
2018-05-07,93.25,93.62,93.98,92.89,1018067.16
2018-05-08,94.1,94.87,95.12,93.5,1303963.28
2018-05-09,94.67,94.1,94.83,93.74,817700.2
2018-05-10,94.31,94.47,94.71,93.29,919648.17
2018-05-11,94.47,93.05,94.47,92.97,816376.9
2018-05-14,93.13,94.59,94.91,93.13,1152167.66
2018-05-15,94.67,94.39,94.83,93.42,784602.99
2018-05-16,93.9,93.17,94.39,93.09,725965.93
2018-05-17,93.21,92.08,93.5,92.0,675202.87
2018-05-18,92.16,94.02,94.14,92.08,957075.39
2018-05-21,94.91,94.35,95.28,94.19,1142834.88
2018-05-22,94.31,93.9,94.31,93.05,772915.5
2018-05-23,93.46,93.13,94.35,92.77,750812.04
2018-05-24,92.89,92.57,93.33,92.2,630305.39
2018-05-25,92.52,91.31,93.05,91.27,665682.37
2018-05-28,91.47,92.08,92.44,91.15,632412.71
2018-05-29,91.8,90.54,92.16,90.09,821832.47
2018-05-30,89.08,87.5,89.81,87.14,1044486.79
2018-05-31,88.23,89.61,89.69,87.91,872127.37
2018-06-01,89.04,89.33,90.58,88.47,779368.29
2018-06-04,89.65,89.81,90.46,89.08,539591.63
2018-06-05,89.85,90.14,90.3,88.96,560936.74
2018-06-06,89.85,89.85,90.38,89.08,524775.05
2018-06-07,90.54,91.07,92.24,90.3,1255737.65
2018-06-08,91.07,89.41,91.31,88.56,873115.69
2018-06-11,89.0,89.85,90.46,88.76,537647.86
2018-06-12,89.85,90.34,90.5,88.96,527010.01
2018-06-13,89.97,89.24,90.22,89.08,456100.22
2018-06-14,88.96,89.73,90.26,88.84,479130.78
2018-06-15,89.41,88.76,90.01,88.64,660438.17
2018-06-19,87.75,83.98,88.19,82.48,1604514.16
2018-06-20,83.37,83.29,84.38,82.2,949964.53
2018-06-21,83.01,80.05,83.53,79.32,1214616.57
2018-06-22,80.13,81.1,81.23,79.48,649668.43
2018-06-25,81.51,79.56,81.55,79.52,640913.34
2018-06-26,78.84,80.37,80.66,78.51,689422.25
2018-06-27,79.97,79.08,80.42,78.51,611452.72
2018-06-28,78.75,79.56,81.43,78.75,867622.43
2018-06-29,79.65,81.23,81.47,79.52,764343.47
2018-07-02,80.94,79.08,81.06,78.47,882922.97
2018-07-03,79.44,80.21,80.54,78.59,759097.51
2018-07-04,79.89,79.28,80.21,79.04,509036.41
2018-07-05,79.36,79.0,80.46,78.96,543174.35
2018-07-06,79.24,79.61,80.46,77.62,1018939.62
2018-07-09,79.85,80.98,81.06,79.85,737705.82
2018-07-10,81.06,81.02,81.55,80.46,546062.98
2018-07-11,79.12,79.24,79.65,78.55,672538.21
2018-07-12,79.32,81.27,82.08,79.28,931593.71
2018-07-13,81.75,81.35,81.95,80.98,502170.73
2018-07-16,81.67,81.02,81.87,80.62,471783.89
2018-07-17,81.06,80.25,81.18,79.73,580867.86
2018-07-18,80.62,79.69,80.98,79.56,598068.8
2018-07-19,79.81,79.93,80.7,79.52,581909.74
2018-07-20,80.01,82.28,82.89,79.61,1483474.06
2018-07-23,81.83,83.53,83.7,81.51,1234323.49
2018-07-24,83.86,84.26,85.8,83.57,1505444.15
2018-07-25,84.34,84.06,84.55,83.66,595180.95
2018-07-26,84.18,82.64,84.3,82.24,890148.78
2018-07-27,82.32,82.32,83.13,82.12,567718.51
2018-07-30,82.48,82.85,83.49,82.08,573972.21
2018-07-31,82.48,82.4,82.8,81.99,536332.76
2018-08-01,82.76,81.18,83.37,81.06,736068.87
2018-08-02,80.86,79.4,81.18,78.67,805585.77
2018-08-03,79.4,79.0,79.89,78.92,470724.87
2018-08-06,79.2,78.55,79.93,78.11,653254.33
2018-08-07,78.71,80.46,80.54,78.55,768527.11
2018-08-08,80.17,79.04,80.29,78.84,574060.41
2018-08-09,78.84,80.46,80.78,78.75,746080.28
2018-08-10,80.33,80.42,80.78,79.77,429300.99
2018-08-13,79.65,79.77,80.21,78.88,617407.15
2018-08-14,79.65,79.69,79.85,79.16,332969.13
2018-08-15,79.65,78.39,79.77,78.35,587402.77
2018-08-16,77.7,78.71,79.69,77.26,711336.21
2018-08-17,79.28,77.9,79.48,77.78,531964.36
2018-08-20,78.15,79.2,79.24,78.15,500832.09
2018-08-21,79.2,79.56,80.13,78.92,630981.67
2018-08-22,79.56,79.61,79.77,79.2,325250.89
2018-08-23,79.73,80.05,80.33,79.08,643886.47
2018-08-24,80.05,80.54,81.55,79.56,661036.52
2018-08-27,80.86,81.87,81.95,80.54,873600.0
2018-08-28,81.83,81.39,82.16,81.14,505718.6
2018-08-29,81.31,80.82,81.55,80.62,484894.41
2018-08-30,80.82,80.29,81.1,80.29,345355.7
2018-08-31,80.33,80.46,80.94,80.13,448780.79
2018-09-03,80.33,80.9,80.98,80.17,387548.75
2018-09-04,80.78,81.63,81.91,80.37,619720.22
2018-09-05,81.27,80.21,81.47,80.21,519918.64
2018-09-06,80.21,79.97,80.66,79.85,345834.51
2018-09-07,80.01,80.09,81.18,79.85,458488.38
2018-09-10,79.73,78.19,80.05,78.03,621209.86
2018-09-11,78.23,78.59,78.92,77.99,351567.43
2018-09-12,78.19,78.59,79.24,78.19,313535.68
2018-09-13,79.28,79.36,79.52,78.71,430519.99
2018-09-14,79.52,79.24,79.77,79.04,329635.05
2018-09-17,79.04,78.88,79.28,78.47,276496.14
2018-09-18,78.63,80.13,80.29,78.59,482101.73
2018-09-19,79.97,81.06,81.55,79.77,923815.96
2018-09-20,81.43,81.1,81.95,80.82,589209.36
2018-09-21,81.02,83.29,83.33,80.82,1203042.57
2018-09-25,82.36,82.2,82.85,81.99,562905.76
2018-09-26,82.44,82.8,84.06,82.2,973113.69
2018-09-27,82.68,82.68,82.93,81.75,618867.75
2018-09-28,82.89,83.33,83.9,82.72,728660.86
2018-10-08,81.91,80.37,82.16,80.21,866981.87
2018-10-09,80.46,80.7,80.94,80.17,500917.66
2018-10-10,80.7,81.14,81.23,80.46,504243.05
2018-10-11,79.12,77.18,79.73,76.45,1154499.76
2018-10-12,76.61,77.34,77.82,75.47,800359.51
2018-10-15,77.5,76.57,77.82,76.49,512232.35
2018-10-16,76.77,76.08,77.7,75.68,491321.06
2018-10-17,77.42,76.85,77.54,75.68,560514.3
2018-10-18,76.69,75.84,77.3,75.8,524393.87
2018-10-19,75.51,78.03,78.51,75.35,1165880.1
2018-10-22,79.08,84.26,84.26,79.08,2522345.8
2018-10-23,86.61,83.41,87.22,82.68,3136251.84
2018-10-24,82.8,84.3,86.29,82.68,2519260.16
2018-10-25,82.72,86.0,86.13,81.75,2128962.81
2018-10-26,85.56,84.1,85.72,83.37,1467624.85
2018-10-29,83.9,83.17,85.19,82.72,1109778.09
2018-10-30,83.74,85.8,87.79,82.6,2252638.96
2018-10-31,85.15,85.23,86.41,84.02,1452444.7
2018-11-01,86.77,86.04,89.81,85.8,2531447.93
2018-11-02,88.19,87.79,88.47,86.61,1742362.82
2018-11-05,87.1,87.46,88.07,86.25,1089393.59
2018-11-06,87.83,87.46,88.92,86.81,1125849.91
2018-11-07,87.14,85.8,87.3,85.44,1068929.32
2018-11-08,86.53,84.47,86.61,84.22,1115537.32
2018-11-09,84.22,84.26,85.07,83.82,788310.46
2018-11-12,84.51,85.11,85.23,84.18,933866.85
2018-11-13,84.26,86.17,87.71,84.14,1833410.73
2018-11-14,85.68,84.79,86.29,84.51,1162759.01
2018-11-15,84.67,86.21,86.41,84.34,1617501.92
2018-11-16,86.17,86.94,88.47,85.48,2533627.46
2018-11-19,86.98,88.92,88.92,86.69,2553648.59
2018-11-20,88.19,86.09,88.84,85.68,1777408.15
2018-11-21,85.19,85.15,86.0,84.38,1498952.09
2018-11-22,85.32,84.75,85.4,83.98,953347.67
2018-11-23,84.42,82.97,85.28,82.48,1090118.2
2018-11-26,82.97,82.85,83.86,82.4,672353.62
2018-11-27,83.13,83.41,83.94,82.72,664616.64
2018-11-28,83.13,84.63,85.07,82.97,1053953.91
2018-11-29,84.87,83.09,85.84,83.01,966426.32
2018-11-30,82.89,84.06,84.38,82.56,750195.59
2018-12-03,87.83,86.37,87.95,85.96,1866667.06
2018-12-04,86.37,87.02,87.1,86.0,972454.82
2018-12-05,85.72,86.41,87.02,85.6,813033.28
2018-12-06,85.6,84.63,85.68,84.38,918608.2
2018-12-07,85.36,84.79,85.56,84.67,512283.17
2018-12-10,83.86,83.66,84.47,83.21,695504.86
2018-12-11,83.82,84.1,84.22,83.66,358675.48
2018-12-12,84.59,84.47,85.03,84.26,551859.05
2018-12-13,84.59,85.32,85.88,84.06,1229787.83
2018-12-14,84.95,83.98,85.07,83.98,656050.66
2018-12-17,83.7,84.51,84.67,83.61,541826.91
2018-12-18,83.9,83.17,84.47,82.6,748085.6
2018-12-19,83.17,82.24,83.41,82.16,539403.93
2018-12-20,82.2,82.56,83.17,81.35,755764.18
2018-12-21,82.16,80.94,82.36,80.09,885358.89
2018-12-24,80.54,80.58,80.94,80.05,505264.87
2019-01-10,85.19,83.78,85.19,83.57,2186844.12
2019-01-11,83.78,84.47,84.71,83.53,1127695.59
2019-01-14,85.03,84.59,85.64,84.47,861108.94
2019-01-15,84.75,87.02,87.5,84.63,1805469.95
2019-01-16,87.14,87.18,87.62,86.53,1104443.69
2019-01-17,87.62,86.85,88.11,86.65,883325.61
2019-01-18,87.3,88.15,88.39,86.65,1110555.63
2019-01-21,88.15,87.99,89.2,87.38,1132135.08
2019-01-22,87.62,86.49,87.95,86.09,921813.16
2019-01-23,86.81,86.69,87.14,86.04,519431.29
2019-01-24,87.02,88.19,88.96,86.69,1157569.66
2019-01-25,88.43,88.8,89.65,88.19,1131968.62
2019-01-28,89.81,88.64,90.34,87.91,1007456.95
2019-01-29,88.31,89.04,89.49,87.91,769070.13
2019-01-30,88.52,88.39,89.24,88.27,487550.01
2019-01-31,88.92,89.69,90.26,88.6,925071.49
2019-02-01,91.07,90.99,91.76,90.34,1048306.43
2019-02-11,90.74,92.12,92.44,90.7,837103.65
2019-02-12,92.2,92.57,93.29,91.8,880374.4
2019-02-13,92.57,94.67,94.71,91.88,1431069.3
2019-02-14,94.63,93.9,94.67,93.54,916356.49
2019-02-15,93.78,91.23,93.78,91.03,1607906.63
2019-02-18,92.04,96.01,96.09,92.04,2229679.46
2019-02-19,96.01,95.85,98.32,95.16,2120706.78
2019-02-20,96.25,97.06,97.87,95.68,1351408.56
2019-02-21,96.53,98.32,101.19,95.93,2326751.99
2019-02-22,99.09,106.58,106.58,97.59,3930822.17
2019-02-25,111.11,115.65,115.65,109.29,4913446.73
2019-02-26,118.69,114.96,122.58,113.91,5873954.74
2019-02-27,114.15,113.14,116.99,110.55,4567924.6
2019-02-28,111.88,110.95,112.57,108.89,2984919.39
2019-03-01,111.92,114.8,115.61,109.7,3943658.55
2019-03-04,115.77,114.92,121.44,112.17,5083363.48
2019-03-05,115.57,116.18,116.91,113.67,3148280.0
2019-03-06,116.18,123.87,126.22,115.37,5565951.62
2019-03-07,122.58,124.11,128.65,120.83,6217520.28
2019-03-08,116.99,113.26,119.09,113.26,6328067.22
2019-03-11,112.94,113.3,114.88,109.7,3791527.0
2019-03-12,113.63,115.69,118.36,113.63,4310350.45
2019-03-13,115.89,112.61,116.06,112.37,2999074.54
2019-03-14,111.92,110.39,113.95,109.33,2833472.6
2019-03-15,111.36,112.17,113.34,110.63,2464579.41
2019-03-18,111.92,115.49,115.73,110.1,2994299.68
2019-03-19,115.57,113.87,115.97,113.3,2152355.17
2019-03-20,113.54,115.2,116.78,113.3,2588968.01
2019-03-21,115.57,116.58,118.77,114.64,3563239.67
2019-03-22,116.06,116.18,117.07,114.15,2043175.47
2019-03-25,114.15,111.72,115.12,111.36,2525337.24
2019-03-26,112.53,108.52,112.53,107.91,2572074.55
2019-03-27,109.37,108.77,109.98,107.39,1870655.09
2019-03-28,107.87,108.2,109.82,106.66,1676061.0
2019-03-29,108.6,116.1,116.38,108.6,4233645.74
2019-04-01,116.06,118.12,120.06,115.25,4904512.98
2019-04-02,119.09,117.8,120.27,117.19,2857664.05
2019-04-03,116.62,121.68,122.74,116.54,3906931.48
2019-04-04,121.89,121.04,122.21,119.82,2750094.34
2019-04-08,122.05,118.24,122.37,116.99,2903872.03
2019-04-09,118.12,118.65,119.62,116.99,1989045.76
2019-04-10,118.4,116.78,118.53,115.25,2675711.81
2019-04-11,115.97,114.64,117.19,114.31,1816187.2
2019-04-12,114.64,114.03,115.45,113.06,1593524.02
2019-04-15,116.18,112.13,116.58,111.92,2102530.36
2019-04-16,111.72,114.96,114.96,109.94,2355309.33
2019-04-17,114.52,114.39,115.41,113.79,1378483.83
2019-04-18,114.39,114.07,115.53,113.83,1063508.72
2019-04-19,114.27,114.96,115.49,113.38,1408861.61
2019-04-22,115.93,112.09,116.26,111.76,1896332.79
2019-04-23,111.72,112.73,114.84,111.2,1625660.78
2019-04-24,112.69,113.67,114.07,112.05,1232361.71
2019-04-25,112.94,110.91,114.48,110.83,1666072.18
2019-04-26,110.43,111.28,112.73,110.39,1449303.38
2019-04-29,111.28,108.97,111.64,107.75,1772592.23
2019-04-30,109.09,109.05,110.06,108.52,1066745.36
2019-05-06,103.22,99.73,104.72,99.73,2795890.88
2019-05-07,100.54,99.77,100.71,97.22,2134660.62
2019-05-08,97.14,97.83,99.77,96.74,1462802.73
2019-05-09,96.66,95.85,97.55,95.76,1653380.85
2019-05-10,97.14,99.33,100.38,95.72,2696132.0
2019-05-13,97.55,96.9,98.28,96.33,1351193.86
2019-05-14,95.97,96.25,97.51,95.89,1144871.6
2019-05-15,97.02,97.95,98.24,96.74,1359898.69
2019-05-16,97.83,97.67,98.11,97.1,913705.16
2019-05-17,97.95,95.28,98.19,94.51,1414069.35
2019-05-20,95.04,96.21,97.06,94.71,1135267.18
2019-05-21,96.01,97.67,98.52,96.01,1270624.78
2019-05-22,97.71,97.3,98.32,96.74,808034.06
2019-05-23,96.66,96.94,98.28,96.21,1012300.91
2019-05-24,97.14,97.02,97.75,96.66,681299.14
2019-05-27,96.94,99.29,99.73,96.41,1666910.74
2019-05-28,98.68,99.13,100.3,98.6,1223126.01
2019-05-29,98.4,98.96,99.98,98.36,899946.73
2019-05-30,98.36,97.59,98.56,96.98,951650.18
2019-05-31,97.38,97.26,98.15,97.22,573655.0
2019-06-03,97.91,97.51,99.41,97.06,1083301.73
2019-06-04,97.34,97.26,97.71,96.62,663408.5
2019-06-05,98.44,98.07,98.96,97.67,1144199.53
2019-06-06,98.36,97.02,98.92,96.82,895867.39
2019-06-10,97.51,97.06,97.95,95.56,1055966.16
2019-06-11,97.06,101.15,101.43,96.9,2217439.61
2019-06-12,100.3,100.02,101.03,99.49,1253616.24
2019-06-13,99.77,100.83,101.64,99.61,1291286.76
2019-06-14,100.99,99.41,101.72,99.33,965825.31
2019-06-17,99.45,99.69,100.38,99.25,652912.29
2019-06-18,99.9,100.18,100.54,99.17,598732.99
2019-06-19,106.86,103.01,108.08,102.81,2567730.65
2019-06-20,103.14,109.09,111.32,102.97,3594228.9
2019-06-21,109.53,111.6,113.1,109.13,3178615.06
2019-06-24,112.73,111.32,113.34,111.03,1955479.85
2019-06-25,111.32,110.83,111.96,108.2,2248023.21
2019-06-26,109.9,110.06,111.03,108.97,1217175.38
2019-06-27,110.91,112.61,114.03,110.75,2193588.64
2019-06-28,112.33,112.17,113.06,111.32,1282377.5
2019-07-01,115.61,114.48,116.1,113.75,2510106.03
2019-07-02,113.95,113.54,114.07,113.22,1185460.25
2019-07-03,113.26,110.63,113.34,109.86,1680634.48
2019-07-04,110.99,111.32,112.61,110.51,1032662.75
2019-07-05,111.4,111.07,111.92,110.1,827339.52
2019-07-08,110.83,109.58,111.52,108.48,1289454.14
2019-07-09,110.3,109.82,110.67,108.56,957241.69
2019-07-10,110.26,109.7,110.51,109.05,786532.11
2019-07-11,110.51,109.62,111.48,108.85,1237520.35
2019-07-12,109.45,110.39,110.55,108.48,966705.47
2019-07-15,109.29,111.68,113.18,108.6,1502422.96
2019-07-16,111.36,110.63,111.96,110.63,780117.01
2019-07-17,109.94,109.25,110.51,108.93,1206503.32
2019-07-18,108.48,107.75,108.68,107.71,867815.96
2019-07-19,108.24,109.62,110.3,108.2,1080637.12
2019-07-22,110.06,108.08,110.3,108.0,923064.59
2019-07-23,108.2,108.36,109.13,107.91,501549.34
2019-07-24,108.93,109.94,110.63,108.93,1086122.54
2019-07-25,110.06,110.47,110.47,109.53,643832.28
2019-07-26,110.02,110.47,110.47,109.66,536303.39
2019-07-29,110.22,109.58,110.3,109.13,626721.02
2019-07-30,109.7,110.55,111.48,109.53,1001973.18
2019-07-31,110.22,109.82,110.47,109.41,633683.01
2019-08-01,109.25,108.56,109.66,108.12,809710.56
2019-08-02,105.85,105.08,106.13,104.96,1114826.7
2019-08-05,104.15,101.96,104.15,101.92,1405690.25
2019-08-06,99.73,101.6,102.53,98.8,1641234.2
2019-08-07,101.84,100.18,102.08,100.1,992022.9
2019-08-08,102.81,101.84,103.18,101.35,1301572.7
2019-08-09,102.61,101.35,102.97,101.11,850866.29
2019-08-12,102.81,103.58,103.62,102.57,1078209.33
2019-08-13,102.61,102.49,102.89,102.2,506348.98
2019-08-14,104.03,102.81,104.55,102.81,795424.26
2019-08-15,100.18,103.01,103.42,99.98,719688.72
2019-08-16,102.69,103.54,104.84,102.69,947655.7
2019-08-19,105.77,110.83,110.99,104.92,2473638.08
2019-08-20,110.3,109.33,110.83,109.13,1313823.18
2019-08-21,109.09,108.85,109.78,108.56,771302.04
2019-08-22,109.21,109.13,109.62,108.28,651203.05
2019-08-23,109.33,108.85,109.94,108.52,882491.18
2019-08-26,106.82,107.15,108.04,106.5,993651.8
2019-08-27,107.91,109.37,110.47,107.67,1355030.79
2019-08-28,108.72,107.96,109.29,107.87,723060.12
2019-08-29,108.08,107.27,108.32,107.1,636306.19
2019-08-30,108.48,107.55,109.45,106.66,841396.77
2019-09-02,107.59,109.37,110.14,107.31,1211444.07
2019-09-03,109.41,109.66,110.63,109.09,957270.04
2019-09-04,109.49,111.64,112.09,109.21,1609647.46
2019-09-05,113.95,113.67,117.39,113.54,3091449.98
2019-09-06,115.61,114.96,115.93,113.87,1556021.06
2019-09-09,116.58,115.65,117.8,115.53,1780365.0
2019-09-10,115.97,115.16,116.14,113.3,1675992.27
2019-09-11,116.3,115.93,117.59,115.16,2016022.03
2019-09-12,116.38,117.23,117.63,115.25,1512289.33
2019-09-16,117.72,115.49,118.0,114.72,1260028.24
2019-09-17,114.96,112.45,114.96,112.13,1666264.62
2019-09-18,112.61,112.05,113.02,111.84,784039.02
2019-09-19,112.61,112.69,112.86,111.84,779031.0
2019-09-20,112.82,111.68,112.82,110.67,1144043.88
2019-09-23,111.15,110.18,111.2,109.37,1150831.84
2019-09-24,110.79,110.14,111.68,109.94,1016007.79
2019-09-25,109.45,109.74,110.67,109.25,664622.8
2019-09-26,109.98,109.17,110.63,108.81,900377.54
2019-09-27,109.05,110.51,110.51,109.05,655974.02
2019-09-30,110.51,108.2,110.51,108.2,718607.99
2019-10-08,108.2,107.59,108.6,106.78,781869.73
2019-10-09,106.58,107.19,107.35,105.85,750380.69
2019-10-10,107.15,107.83,108.16,106.86,645315.06
2019-10-11,108.28,110.06,110.51,107.27,1174967.29
2019-10-14,111.4,110.67,112.13,110.59,1442096.79
2019-10-15,110.55,109.05,110.55,109.05,745833.92
2019-10-16,109.37,108.52,110.22,108.4,630230.83
2019-10-17,108.4,108.36,108.97,108.08,410303.44
2019-10-18,108.85,106.25,108.97,106.25,783601.84
2019-10-21,106.09,105.65,106.09,104.31,736385.95
2019-10-22,106.01,106.66,106.74,105.57,461915.04
2019-10-23,106.34,105.4,106.98,104.84,614210.35
2019-10-24,105.61,105.65,106.46,104.96,553384.4
2019-10-25,105.65,106.5,106.78,104.88,657780.87
2019-10-28,106.5,107.67,107.91,106.09,750802.33
2019-10-29,107.67,105.73,107.71,105.73,692722.48
2019-10-31,106.05,105.04,106.46,104.27,743342.04
2019-11-01,104.88,106.98,107.39,104.43,797094.62
2019-11-04,107.02,107.31,107.75,106.62,749150.21
2019-11-05,107.47,108.77,109.82,107.27,1422973.55
2019-11-06,108.77,108.0,108.97,107.67,647450.92
2019-11-07,108.12,109.13,109.7,107.79,846839.99
2019-11-08,110.14,107.96,110.71,107.59,979718.31
2019-11-11,107.43,106.25,107.47,106.13,730692.79
2019-11-12,106.09,106.38,106.58,105.28,591916.72
2019-11-13,105.85,105.61,106.38,105.32,481865.91
2019-11-14,105.61,105.85,106.5,105.44,436553.4
2019-11-15,106.05,105.08,106.54,105.0,567539.4
2019-11-18,105.04,105.81,106.34,104.67,508904.11
2019-11-19,105.81,106.86,106.86,105.32,654223.87
2019-11-20,106.66,105.12,106.86,104.96,704669.73
2019-11-21,104.31,104.8,105.44,104.27,491854.22
2019-11-22,104.96,104.19,105.48,103.91,651100.57
2019-11-25,104.55,104.72,104.88,103.86,469124.47
2019-11-26,104.92,104.31,105.12,104.23,449905.05
2019-11-27,104.15,103.95,104.31,103.14,475671.56
2019-11-28,103.82,104.27,104.47,103.82,320645.63
2019-11-29,104.11,103.86,104.84,103.7,493310.27
2019-12-02,105.85,104.96,106.17,104.84,865548.4
2019-12-03,104.27,105.65,105.81,104.15,620648.35
2019-12-04,104.88,105.32,105.53,104.76,445274.15
2019-12-05,105.65,107.47,107.59,105.61,1301520.44
2019-12-06,107.51,107.79,108.12,106.94,1059059.0
2019-12-09,107.87,107.27,108.0,106.98,696281.41
2019-12-10,107.15,107.1,107.43,106.46,544804.15
2019-12-11,107.39,107.19,108.08,106.86,688657.99
2019-12-12,107.47,107.06,107.55,106.7,549902.35
2019-12-13,108.68,110.3,111.03,108.36,2556897.61
2019-12-16,110.71,111.6,112.29,109.62,1803460.85
2019-12-17,111.6,113.83,116.58,111.28,2741829.59
2019-12-18,113.71,113.54,115.49,113.34,1715991.93
2019-12-19,113.75,113.34,113.87,112.45,1061764.76
2019-12-20,113.58,112.65,114.76,112.65,1388117.71
2019-12-23,112.69,110.51,113.38,110.51,1415741.36
2019-12-24,110.34,111.03,111.07,110.1,814923.75
2019-12-25,110.87,110.83,111.72,110.34,774069.61
2019-12-26,111.32,113.34,113.42,110.99,1182014.92
2019-12-27,113.14,111.64,114.68,111.6,1702761.68
2019-12-30,111.52,121.08,121.08,111.32,6152020.89
2019-12-31,120.79,119.62,121.32,118.4,3369729.94
2020-01-02,121.4,120.39,122.01,119.46,3577365.9
2020-01-03,119.78,119.94,120.96,118.81,1837992.12
2020-01-06,118.65,119.7,121.85,118.4,2304034.83
2020-01-07,120.02,121.24,121.44,118.81,2003054.4
2020-01-08,120.15,118.16,120.35,117.8,2066120.75
2020-01-09,119.74,120.19,120.67,119.25,1635603.11
2020-01-10,122.29,120.63,122.82,119.25,1969461.6
2020-01-13,120.23,122.33,122.37,118.53,1895103.21
2020-01-14,122.37,120.67,123.02,120.47,1759240.79
2020-01-15,120.02,119.7,120.79,119.21,1140791.8
2020-01-16,119.86,118.85,119.86,118.65,1038355.64
2020-01-17,119.5,119.86,121.44,119.34,1297342.39
2020-01-20,119.78,121.48,121.56,119.21,1408182.61
2020-01-21,120.31,119.09,121.04,118.85,1691808.91
2020-01-22,118.32,119.21,120.15,116.06,2036271.31
2020-01-23,117.15,113.95,117.84,112.82,2452483.79
2020-02-03,104.27,104.27,104.27,104.27,753370.0
2020-02-04,101.39,105.16,106.01,101.31,3485571.68
2020-02-05,105.28,106.54,109.01,104.31,2427650.69
2020-02-06,106.66,108.81,109.45,105.53,2478401.65
2020-02-07,108.2,108.44,108.81,107.06,1836396.32
2020-02-10,107.06,108.97,109.58,107.06,1580403.44
2020-02-11,109.62,109.05,110.83,108.85,1763408.84
2020-02-12,108.32,109.9,110.63,108.28,1701737.4
2020-02-13,109.58,108.48,110.34,108.28,1493055.82
2020-02-14,108.28,110.22,111.32,108.16,2027589.87
2020-02-17,113.34,115.08,115.53,111.92,3209865.98
2020-02-18,115.08,114.27,115.37,113.22,1916034.98
2020-02-19,113.79,114.35,116.22,113.67,2083406.25
2020-02-20,114.64,120.11,120.59,114.64,3898596.29
2020-02-21,119.58,119.13,122.41,118.36,3535268.81
2020-02-24,118.36,118.57,119.74,117.59,2442126.28
2020-02-25,116.42,119.25,119.42,114.48,3280997.72
2020-02-26,117.19,117.23,120.39,116.5,2881556.33
2020-02-27,117.76,117.47,119.58,117.07,2063951.92
2020-02-28,114.31,111.92,115.2,111.44,2914357.21
2020-03-02,113.54,116.3,117.55,112.82,2543747.28
2020-03-03,118.4,117.31,120.23,116.1,2593144.22
2020-03-04,117.03,119.74,119.94,116.18,2760750.55
2020-03-05,120.87,122.41,123.79,118.69,4454361.12
2020-03-06,121.16,118.85,121.89,118.81,2630400.87
2020-03-09,115.53,115.61,117.47,114.76,2734638.58
2020-03-10,115.81,118.65,119.17,115.0,2644568.97
2020-03-11,118.32,115.73,118.36,115.57,1790690.4
2020-03-12,114.35,114.27,115.73,113.79,1696419.05
2020-03-13,109.58,114.11,115.08,108.93,2273578.05
2020-03-16,113.91,108.97,113.95,108.89,2057913.52
2020-03-17,110.39,110.02,111.44,107.19,1727481.39
2020-03-18,110.43,107.19,111.11,107.06,1521894.44
2020-03-19,107.47,107.71,108.81,103.86,2007876.41
2020-03-20,108.48,108.93,109.13,107.06,1213209.09
2020-03-23,105.44,105.81,107.67,105.24,1105082.12
2020-03-24,107.71,107.51,108.04,105.85,1188218.71
2020-03-25,109.53,109.33,109.98,108.85,1293511.98
2020-03-26,108.28,108.2,109.33,108.16,697849.43
2020-03-27,109.17,108.56,110.3,108.36,905747.17
2020-03-30,107.47,107.35,107.75,106.46,804115.49
2020-03-31,108.36,106.9,108.6,106.86,638331.54
2020-04-01,106.62,106.66,108.08,106.46,666732.71
2020-04-02,106.34,108.0,108.0,106.25,775171.66
2020-04-03,107.35,106.78,107.79,106.54,581837.3
2020-04-07,108.48,108.6,108.89,107.87,1241184.13
2020-04-08,108.08,108.48,108.77,107.87,757619.95
2020-04-09,109.41,108.89,110.22,108.89,1146929.52
2020-04-10,109.21,108.24,109.78,108.08,858502.39
2020-04-13,107.87,107.35,108.2,107.06,584928.2
2020-04-14,107.83,111.15,113.58,107.43,1956854.49
2020-04-15,109.9,110.39,112.53,109.62,1518855.72
2020-04-16,109.86,113.02,114.35,109.7,2278962.26
2020-04-17,113.1,111.84,113.63,111.68,1504200.23
2020-04-20,112.25,112.29,112.49,111.4,803576.17
2020-04-21,111.64,110.99,111.72,110.14,907942.41
2020-04-22,110.3,111.07,111.28,109.9,582120.17
2020-04-23,111.03,109.98,111.28,109.98,623666.18
2020-04-24,109.78,109.09,110.47,108.48,723366.46
2020-04-27,109.29,109.62,110.51,109.13,615236.68
2020-04-28,110.55,111.48,112.13,109.37,1343710.0
2020-04-29,110.55,111.88,112.33,110.43,799916.59
2020-04-30,112.73,113.14,113.87,112.41,1339570.89
2020-05-06,111.03,112.82,113.06,110.75,1118486.8
2020-05-07,112.82,111.96,113.34,111.92,846295.75
2020-05-08,112.94,113.63,114.48,112.09,1527749.07
2020-05-11,113.79,112.61,114.27,112.29,958305.92
2020-05-12,113.18,112.86,113.46,112.17,650970.5
2020-05-13,112.41,113.3,113.63,112.25,640344.62
2020-05-14,112.73,112.09,112.9,112.01,654370.58
2020-05-15,112.57,112.09,112.73,111.92,548575.57
2020-05-18,111.92,110.63,112.05,110.51,889195.55
2020-05-19,111.6,111.15,111.84,110.91,565102.02
2020-05-20,110.91,110.67,111.36,110.34,666619.97
2020-05-21,110.87,110.39,111.44,110.3,548373.11
2020-05-22,110.43,107.47,110.43,107.47,981939.78
2020-05-25,107.47,107.1,107.91,106.58,589972.36
2020-05-26,107.63,108.16,108.2,107.51,546873.3
2020-05-27,108.24,107.43,108.24,107.1,455597.46
2020-05-28,107.51,108.2,109.29,107.15,699514.64
2020-05-29,107.55,107.35,108.0,107.27,465582.97
2020-06-01,109.53,110.87,111.64,108.81,1618560.74
2020-06-02,110.51,110.39,110.99,109.9,828477.97
2020-06-03,110.87,109.9,111.6,109.74,807511.08
2020-06-04,110.59,109.33,110.59,109.17,592799.59
2020-06-05,109.45,109.66,109.86,108.64,748216.43
2020-06-08,110.22,110.18,110.87,109.7,839778.31
2020-06-09,109.9,111.48,112.25,109.86,1131304.86
2020-06-10,111.11,110.55,111.28,110.26,581493.8
2020-06-11,110.47,109.45,111.24,109.41,850796.47
2020-06-12,108.08,108.72,109.49,107.87,842159.26
2020-06-15,108.72,108.64,110.59,108.56,1004579.05
2020-06-16,109.58,109.74,110.3,109.29,638051.49
2020-06-17,109.62,109.37,109.82,108.72,600807.22
2020-06-18,109.45,110.63,111.15,109.25,1021774.9
2020-06-19,110.91,113.75,114.31,110.67,2770131.21
2020-06-22,113.79,114.8,118.36,113.3,2856176.84
2020-06-23,114.35,114.52,115.25,113.26,1416648.46
2020-06-24,115.41,115.37,117.76,114.76,1286922.55
2020-06-29,113.54,112.33,113.95,111.96,1516309.26
2020-06-30,112.86,114.8,116.18,112.33,1599807.54
2020-07-01,114.76,117.27,117.35,114.07,1842299.67
2020-07-02,116.62,122.7,123.63,116.54,4641174.09
2020-07-03,126.91,133.27,133.27,123.91,7250829.52
2020-07-06,137.84,144.89,144.89,136.1,8073328.04
2020-07-07,149.06,143.23,149.39,141.08,7474489.32
2020-07-08,143.6,152.83,155.83,143.6,6904764.15
2020-07-09,148.78,151.13,155.62,147.36,5585357.61
2020-07-10,148.58,145.82,150.32,144.97,4327866.45
2020-07-13,145.74,148.7,152.83,144.04,4736262.03
2020-07-14,146.75,146.88,148.46,144.32,3247300.97
2020-07-15,148.82,146.75,151.57,146.15,4571229.61
2020-07-16,144.73,135.9,147.56,135.41,5305665.3
2020-07-17,137.44,133.07,138.25,130.55,3691222.58
2020-07-20,135.7,141.29,143.19,134.77,3791035.89
2020-07-21,139.99,139.99,142.06,138.21,2223715.38
2020-07-22,140.48,140.68,145.78,139.3,3460703.73
2020-07-23,138.9,140.84,141.65,136.67,2812984.41
2020-07-24,139.59,132.58,140.8,131.81,3442431.36
2020-07-27,133.15,132.58,133.39,130.19,1849951.33
2020-07-28,133.96,132.17,134.2,131.16,1455424.28
2020-07-29,132.13,137.72,138.29,131.65,2776370.4
2020-07-30,138.65,136.87,138.94,136.31,1943339.17
2020-07-31,136.55,138.49,141.12,136.35,2256131.3
2020-08-03,139.91,140.31,140.8,137.68,2291448.16
2020-08-04,140.31,139.55,141.49,138.74,1792643.56
2020-08-05,138.98,138.29,139.55,137.32,1608571.56
2020-08-06,138.65,147.08,150.4,136.59,3725791.32
2020-08-07,142.3,146.59,154.61,139.91,4866216.0
2020-08-10,144.0,151.65,156.27,143.23,5373051.51
2020-08-11,150.52,143.96,152.14,143.31,3777990.61
2020-08-12,142.79,143.07,145.3,140.44,2716803.4
2020-08-13,143.43,142.26,144.85,141.53,1630067.43
2020-08-14,141.12,144.2,144.65,140.76,1444042.55
2020-08-17,146.79,150.68,155.26,146.75,3835405.77
2020-08-18,150.8,151.37,154.08,149.35,2393497.85
2020-08-19,151.21,149.55,152.71,148.9,2238900.7
2020-08-20,146.88,146.67,148.62,145.62,1566521.09
2020-08-21,147.56,148.46,149.79,146.75,1221736.46
2020-08-24,148.98,147.97,149.71,147.6,1063783.73
2020-08-25,148.74,147.48,150.6,147.16,1254941.24
2020-08-26,147.16,143.64,148.13,143.51,1906943.96
2020-08-27,143.64,144.61,145.94,142.7,1182994.38
2020-08-28,144.32,148.74,149.18,143.6,1921991.29
2020-08-31,149.99,147.97,152.46,147.97,2189042.15
2020-09-01,147.2,149.22,149.22,147.16,1115894.74
2020-09-02,149.59,148.37,150.08,146.39,1450182.42
2020-09-03,148.33,146.84,149.87,146.07,1264748.19
2020-09-04,143.88,144.89,145.9,143.55,1127796.51
2020-09-07,144.85,140.31,145.34,139.87,1535626.78
2020-09-08,140.48,143.31,144.61,140.19,1402828.72
2020-09-09,141.12,141.04,142.7,139.67,1135097.1
2020-09-10,142.1,140.68,143.31,140.4,1062565.65
2020-09-11,140.15,141.04,141.33,139.87,818506.01
2020-09-14,141.04,140.88,141.41,140.03,655177.48
2020-09-15,140.92,141.57,142.5,140.36,773378.57
2020-09-16,141.57,141.61,143.23,141.0,807879.75
2020-09-17,140.72,139.1,141.08,137.76,1181712.61
2020-09-18,139.06,144.32,145.13,138.86,1977618.66
2020-09-21,147.77,144.45,148.37,144.24,1647351.07
2020-09-22,143.39,143.19,146.75,142.7,1261484.71
2020-09-23,143.6,141.93,143.76,141.65,692185.28
2020-09-24,141.49,140.48,142.26,140.4,806377.39
2020-09-25,140.72,141.49,142.54,140.48,803641.97
2020-09-28,140.96,141.57,142.3,140.92,608466.64
2020-09-29,141.65,141.73,143.35,141.65,708144.05
2020-09-30,142.79,140.8,142.87,140.23,743265.31
2020-10-09,142.7,143.11,143.23,142.02,817138.75
2020-10-12,144.32,147.65,148.17,143.88,1633773.37
2020-10-13,146.67,146.15,146.67,145.5,927552.34
2020-10-14,146.15,144.53,146.55,144.24,736730.58
2020-10-15,144.73,144.61,146.35,144.45,631534.89
2020-10-16,144.61,145.05,145.74,144.32,659199.39
2020-10-19,146.35,144.24,147.36,144.24,968853.97
2020-10-20,143.96,143.31,144.28,141.57,858821.44
2020-10-21,142.99,142.42,143.55,141.81,674988.85
2020-10-22,142.22,142.46,143.39,141.08,767016.63
2020-10-23,142.26,141.08,143.47,141.08,788318.42
2020-10-26,140.4,136.71,140.4,136.22,1384351.35
2020-10-27,136.63,136.51,136.95,134.81,877712.14
2020-10-28,136.18,137.68,138.41,135.78,776850.48
2020-10-29,136.47,139.14,140.68,135.86,1038318.63
2020-10-30,138.09,135.13,139.02,135.09,1033853.75
2020-11-02,134.4,132.9,136.63,131.04,1372847.41
2020-11-03,133.67,135.54,136.79,133.23,978566.36
2020-11-04,135.54,135.54,136.71,134.4,694129.96
2020-11-05,138.13,137.4,138.45,136.22,929446.58
2020-11-06,137.6,137.6,138.9,136.75,880020.6
2020-11-09,138.74,141.77,143.31,138.01,1767393.67
2020-11-10,142.26,139.67,142.5,138.9,1161262.06
2020-11-11,139.38,137.68,139.67,137.56,709715.61
2020-11-12,137.68,137.12,138.61,136.79,543461.91
2020-11-13,136.83,135.45,136.83,134.6,820615.11
2020-11-16,136.31,136.51,136.83,135.09,618228.93
2020-11-17,136.35,137.16,137.16,135.25,659904.41
2020-11-18,137.16,137.24,138.78,136.91,859665.01
2020-11-19,136.63,137.97,138.49,135.7,723571.3
2020-11-20,137.97,138.33,138.33,137.44,553473.78
2020-11-23,138.29,140.27,141.69,137.56,1515453.4
2020-11-24,140.23,138.78,140.23,138.57,885609.7
2020-11-25,139.67,137.52,140.56,137.52,842565.33
2020-11-26,137.48,137.84,138.21,136.63,620009.51
2020-11-27,138.17,140.6,140.6,137.6,1114401.54
2020-11-30,141.89,141.89,146.75,141.41,2997909.21
2020-12-01,141.53,145.94,147.36,140.88,2277563.83
2020-12-02,145.94,145.05,147.16,143.92,1567735.87
2020-12-03,144.85,144.32,145.66,144.0,957614.78
2020-12-04,144.53,141.89,144.61,141.41,1228227.08
2020-12-07,141.93,140.72,142.66,140.6,898569.76
2020-12-08,140.64,140.72,141.61,139.95,743255.94
2020-12-09,141.08,137.8,141.81,137.8,1099337.91
2020-12-10,137.44,137.28,138.57,136.02,1054444.62
2020-12-11,137.16,135.62,137.64,134.73,1011389.81
2020-12-14,135.82,135.98,136.35,135.09,544772.22
2020-12-15,135.82,135.86,136.18,134.36,727955.06
2020-12-16,136.1,135.05,136.47,134.85,599367.53
2020-12-17,134.69,137.52,137.72,134.24,981782.31
2020-12-18,136.83,135.86,137.64,135.62,663844.73
2020-12-21,135.41,136.75,137.07,134.69,665783.92
2020-12-22,136.47,132.62,136.47,132.58,1225664.71
2020-12-23,132.66,133.39,134.04,132.17,777820.08
2020-12-24,133.35,132.82,134.2,132.17,611889.9
2020-12-25,132.17,132.66,133.55,131.36,759596.97
2020-12-28,132.17,132.5,133.63,131.65,740362.66
2020-12-29,132.94,133.19,134.69,132.58,818140.54
2020-12-30,132.94,134.6,134.6,132.42,1050135.74
2020-12-31,135.82,138.25,139.71,135.7,2165912.75
2021-01-04,138.41,137.36,138.61,135.41,1945462.07
2021-01-05,136.47,137.2,138.17,135.13,1655522.19
2021-01-06,138.17,139.14,140.56,137.72,2057442.73
2021-01-07,139.46,139.67,140.15,136.63,1729686.82
2021-01-08,139.87,140.92,142.83,139.1,2207415.04
2021-01-11,141.85,137.76,142.42,137.64,1725418.63
2021-01-12,136.63,148.9,149.63,135.82,5161567.9
2021-01-13,148.33,144.53,148.66,143.92,3559776.49
2021-01-14,144.0,141.49,145.34,141.49,2103358.41
2021-01-15,140.72,141.41,144.32,140.68,1679397.81
2021-01-18,140.76,142.1,144.73,140.11,1695533.5
2021-01-19,142.02,142.5,146.47,140.84,2143914.55
2021-01-20,143.03,145.13,147.56,142.54,2166237.13
2021-01-21,145.62,145.42,147.93,143.35,2398598.06
2021-01-22,143.92,142.02,145.09,141.0,1988934.24
2021-01-25,141.33,140.56,141.77,139.1,1901744.97
2021-01-26,139.55,135.74,140.52,135.41,1897349.86
2021-01-27,135.7,135.45,136.51,134.89,1006888.86
2021-01-28,134.6,134.6,136.14,133.51,1300526.9
2021-01-29,135.29,134.0,135.74,132.58,1229644.54
2021-02-01,134.56,133.79,134.73,133.31,886476.64
2021-02-02,134.4,133.23,134.56,132.09,1435196.4
2021-02-03,133.19,132.46,134.12,132.05,958175.87
2021-02-04,131.61,128.89,132.42,126.79,1798665.66
2021-02-05,128.93,128.61,130.35,128.21,924971.85
2021-02-08,128.61,129.83,130.47,128.41,926302.56
2021-02-09,129.87,132.54,132.78,128.77,1395326.36
2021-02-10,132.21,132.05,132.94,130.76,1157932.72
2021-02-18,133.39,132.34,134.0,131.85,1310783.1
2021-02-19,131.93,135.09,135.29,131.04,1392744.22
2021-02-22,135.62,131.65,135.62,131.49,1676243.04
2021-02-23,131.77,130.96,132.78,130.59,986555.37
2021-02-24,131.16,130.23,132.09,129.26,958634.34
2021-02-25,130.88,131.49,133.67,129.78,1379275.39
2021-02-26,129.3,129.54,130.76,129.06,1097797.77
2021-03-01,125.69,122.94,125.69,120.47,2803137.99
2021-03-02,122.94,121.08,123.14,120.63,1490008.72
2021-03-03,120.63,121.93,122.25,120.47,970336.97
2021-03-04,121.16,119.66,121.64,119.54,1288013.16
2021-03-05,119.66,120.63,121.2,118.57,1149816.79
2021-03-08,121.08,118.57,121.73,118.57,1203736.47
2021-03-09,118.44,115.37,119.42,115.16,1305341.8
2021-03-10,116.3,115.12,116.58,114.96,876286.25
2021-03-11,115.41,116.5,116.78,115.41,793470.41
2021-03-12,116.62,115.49,116.62,113.91,1156455.17
2021-03-15,114.56,113.38,114.76,112.94,897626.51
2021-03-16,113.91,113.95,114.19,113.02,602115.76
2021-03-17,113.99,114.92,115.37,113.63,753687.73
2021-03-18,114.92,114.56,115.65,114.35,686557.65
2021-03-19,113.99,116.3,116.34,113.26,1210142.11
2021-03-22,115.89,116.99,117.88,115.65,1053069.21
2021-03-23,116.78,116.62,117.59,115.16,760631.92
2021-03-24,116.14,116.54,118.44,115.97,931330.97
2021-03-25,115.97,115.97,116.99,115.85,475952.15
2021-03-26,115.85,116.3,116.7,115.73,538542.48
2021-03-29,116.18,117.43,118.61,115.77,796389.46
2021-03-30,117.03,117.43,118.2,116.87,536528.29
2021-03-31,117.39,115.93,117.39,115.93,547367.85
2021-04-01,115.93,117.03,117.07,115.41,584316.13
2021-04-02,117.15,116.91,117.8,116.58,614623.31
2021-04-06,118.4,116.99,118.73,116.91,726292.37
2021-04-07,116.87,116.58,117.31,116.1,594220.33
2021-04-08,115.97,116.34,117.39,115.93,609198.47
2021-04-09,116.01,114.76,116.1,114.76,686484.53
2021-04-12,114.76,113.54,115.08,113.34,590009.98
2021-04-13,113.54,113.83,114.07,113.14,462451.47
2021-04-14,113.83,114.68,115.37,113.75,504175.31
2021-04-15,114.44,113.87,114.6,113.3,481014.45
2021-04-16,113.99,115.04,115.41,113.87,519719.74
2021-04-19,114.76,116.46,116.66,114.39,847988.17
2021-04-20,115.93,115.45,116.99,115.33,628183.08
2021-04-21,114.88,114.76,115.45,114.6,407653.2
2021-04-22,115.29,114.27,115.41,114.07,545438.94
2021-04-23,114.03,113.95,114.56,113.67,493759.78
2021-04-26,113.91,112.53,114.76,112.41,714997.74
2021-04-27,112.57,111.32,112.69,111.07,706185.07
2021-04-28,111.36,111.84,111.84,110.67,485169.53
2021-04-29,112.33,115.53,116.22,112.01,1592565.38
2021-04-30,114.76,115.77,116.7,114.48,1069396.46
2021-05-06,116.87,116.38,117.96,115.69,981386.3
2021-05-07,116.01,114.11,116.62,113.63,837557.98
2021-05-10,114.48,115.45,116.1,114.11,662676.19
2021-05-11,114.48,115.85,116.7,113.42,680556.03
2021-05-12,115.37,116.14,116.34,114.96,570219.2
2021-05-13,115.33,114.88,116.18,114.56,556860.38
2021-05-14,115.69,122.21,123.18,115.57,3326163.83
2021-05-17,120.43,119.98,120.63,118.73,2128584.27
2021-05-18,119.3,119.5,121.24,118.85,925575.01
2021-05-19,119.25,119.54,120.75,119.09,806583.72
2021-05-20,119.5,120.67,121.52,119.21,1109115.08
2021-05-21,120.75,118.85,121.04,118.81,827480.62
2021-05-24,119.58,121.36,122.33,119.5,1400131.26
2021-05-25,121.36,125.41,126.71,121.0,2911827.2
2021-05-26,125.61,123.99,126.75,123.79,1940857.08
2021-05-27,123.95,124.16,125.33,123.39,1119097.39
2021-05-28,124.16,125.21,126.5,123.35,1392900.43
2021-05-31,125.21,124.92,125.21,123.79,924054.31
2021-06-01,124.44,123.55,124.44,122.17,1046951.73
2021-06-02,123.55,121.24,124.11,121.0,976466.48
2021-06-03,121.73,121.16,123.06,121.04,782288.92
2021-06-04,120.67,122.62,126.3,120.43,1367718.57
2021-06-07,123.55,124.72,126.91,122.74,1366123.91
2021-06-08,124.16,124.16,126.26,123.67,1092863.52
2021-06-09,124.36,123.39,125.09,122.74,724102.43
2021-06-10,122.86,123.1,124.72,122.86,819877.4
2021-06-11,122.94,120.19,123.47,119.66,1290164.16
2021-06-15,120.02,118.73,120.35,118.4,792464.45
2021-06-16,118.49,119.01,119.58,118.4,640219.85
2021-06-17,118.73,118.57,119.34,117.96,599392.35
2021-06-18,118.32,119.01,119.62,117.84,756795.18
2021-06-21,119.21,118.4,120.23,118.36,761880.65
2021-06-22,118.77,119.05,119.58,118.24,609209.4
2021-06-23,119.13,119.46,120.23,118.49,724185.19
2021-06-24,119.58,120.43,121.4,119.42,867812.81
2021-06-25,120.75,122.49,123.91,120.02,1658267.22
2021-06-28,122.82,120.96,122.82,120.67,940776.11
2021-06-29,121.0,119.62,121.44,119.5,784548.57
2021-06-30,119.66,120.19,120.55,118.93,746818.31
2021-07-01,121.44,119.09,121.85,118.44,1055002.29
2021-07-02,118.32,114.96,118.32,114.8,1229453.69
2021-07-05,114.96,114.48,115.53,113.46,678159.47
2021-07-06,114.72,115.08,115.29,113.95,600573.9
2021-07-07,114.68,114.92,115.65,114.52,603386.82
2021-07-08,115.53,114.76,115.81,114.31,661945.56
2021-07-09,114.35,114.39,115.08,113.75,629464.31
2021-07-12,115.65,115.93,116.7,114.84,1047903.3
2021-07-13,115.57,115.25,116.22,114.68,616321.13
2021-07-14,115.08,113.63,115.08,113.46,802892.08
2021-07-15,113.58,115.04,115.29,113.18,727886.6
2021-07-16,115.73,115.69,116.7,115.0,910803.16
2021-07-19,115.08,115.57,115.69,113.95,651805.61
2021-07-20,114.64,114.8,115.73,114.44,459677.42
2021-07-21,115.08,115.65,116.5,114.96,844506.81
2021-07-22,115.45,116.91,117.35,115.12,1014718.56
2021-07-23,116.74,117.35,119.78,115.77,1404223.33
2021-07-26,117.23,114.35,117.92,114.11,1236812.67
2021-07-27,114.35,111.96,115.0,111.64,1018925.86
2021-07-28,111.92,111.8,113.22,111.76,822131.93
2021-07-29,113.46,112.41,113.63,111.8,858003.42
2021-07-30,112.05,110.67,112.21,110.18,896860.85
2021-08-02,110.63,113.42,115.16,108.56,1477517.59
2021-08-03,112.77,113.67,115.57,112.33,1123130.14
2021-08-04,113.63,113.38,113.95,112.82,693895.57
2021-08-05,112.9,111.8,113.91,111.56,778634.92
2021-08-06,112.33,112.65,113.26,111.92,601334.17
2021-08-09,112.33,114.44,115.57,112.17,1128293.21
2021-08-10,114.03,115.45,115.73,113.34,1081770.14
2021-08-11,115.29,115.16,116.7,114.76,1018740.79
2021-08-12,115.41,115.33,116.58,114.88,726113.86
2021-08-13,115.08,116.78,116.99,114.8,1102724.44
2021-08-16,116.87,116.42,118.4,116.01,1213354.13
2021-08-17,115.89,116.01,118.97,115.65,1839348.6
2021-08-18,116.22,121.44,122.05,115.97,3162187.64
2021-08-19,120.71,118.97,121.77,118.4,1981783.09
2021-08-20,119.38,118.97,119.98,117.59,1363300.33
2021-08-23,119.58,119.74,120.96,119.01,1164596.41
2021-08-24,120.27,122.62,123.47,119.62,2208821.77
2021-08-25,122.29,121.73,123.95,121.56,1353685.51
2021-08-26,121.28,120.35,122.05,120.27,1044624.04
2021-08-27,120.63,120.96,122.78,120.43,1038329.97
2021-08-30,122.66,119.38,123.18,119.13,1386131.43
2021-08-31,119.01,124.8,126.63,118.77,3062855.09
2021-09-01,124.88,129.7,132.58,124.32,4375223.04
2021-09-02,129.34,130.51,130.96,128.33,2604356.55
2021-09-03,134.6,128.49,135.13,128.04,2825811.9
2021-09-06,128.61,129.42,131.73,128.61,1800825.62
2021-09-07,129.42,130.76,131.69,127.31,2096081.91
2021-09-08,130.15,129.74,132.7,129.58,1566586.62
2021-09-09,128.57,129.06,129.62,127.56,1199152.71
2021-09-10,129.38,131.24,134.12,129.38,2152491.92
2021-09-13,131.16,130.92,132.54,130.39,1215741.66
2021-09-14,131.16,128.04,131.81,127.4,1602296.28
2021-09-15,127.8,127.07,128.69,126.14,1089052.16
2021-09-16,127.23,123.99,127.44,123.3,1347734.68
2021-09-17,124.07,125.9,126.5,124.07,1077622.95
2021-09-22,124.11,124.84,125.98,123.26,895727.23
2021-09-23,125.37,126.91,127.27,125.13,1040007.18
2021-09-24,127.15,126.26,127.92,126.14,816946.57
2021-09-27,126.18,124.68,127.11,123.59,952229.37
2021-09-28,124.48,125.53,126.34,124.11,711046.82
2021-09-29,124.52,124.52,125.29,122.7,944263.35
2021-09-30,124.68,123.18,125.17,122.33,834290.37
2021-10-08,123.67,125.09,125.49,123.67,751305.7
2021-10-11,125.49,124.72,126.67,124.68,589345.08
2021-10-12,124.03,121.48,124.68,120.23,1125690.24
2021-10-13,121.4,120.87,122.29,120.75,600363.26
2021-10-14,121.24,121.08,121.44,119.66,493163.57
2021-10-15,120.83,121.89,122.54,120.43,620778.88
2021-10-18,121.89,121.97,122.9,121.24,486797.76
2021-10-19,121.64,122.25,122.94,121.48,511627.48
2021-10-20,122.78,122.05,122.98,121.97,503287.26
2021-10-21,122.05,122.7,123.63,121.56,632570.28
2021-10-22,122.86,123.91,124.36,122.54,692221.32
2021-10-25,123.91,124.68,125.01,122.78,808744.65
2021-10-26,124.68,123.1,124.92,123.06,609002.89
2021-10-27,122.41,120.71,123.1,120.27,802147.94
2021-10-28,120.47,121.04,122.29,120.35,648388.31
2021-10-29,122.05,125.61,126.67,121.28,1641830.24
2021-11-01,125.29,126.02,126.5,125.01,979593.91
2021-11-02,125.69,124.2,126.46,123.06,898836.88
2021-11-03,124.07,123.63,124.72,123.06,570295.4
2021-11-04,124.48,123.83,125.13,123.26,630367.12
2021-11-05,123.26,123.51,124.76,122.98,545238.18
2021-11-08,123.14,123.91,124.8,122.13,568211.93
2021-11-09,124.2,124.4,124.6,123.06,563575.29
2021-11-10,124.03,122.09,124.36,121.12,1057430.48
2021-11-11,121.64,125.09,125.82,121.64,1455579.39
2021-11-12,124.84,123.43,124.84,122.37,1088599.45
2021-11-15,123.59,122.94,124.07,122.25,642136.73
2021-11-16,122.29,118.04,122.66,117.8,2281490.64
2021-11-17,117.63,118.16,118.57,117.43,678137.35
2021-11-18,118.0,118.32,118.65,116.78,785011.6
2021-11-19,118.04,119.21,119.78,117.72,796636.96
2021-11-22,119.13,119.17,120.11,118.97,696913.26
2021-11-23,119.13,118.85,120.02,118.81,646039.9
2021-11-24,118.81,118.77,119.34,118.2,516818.49
2021-11-25,118.61,118.36,118.97,118.08,451105.08
2021-11-26,118.12,117.68,118.32,117.63,470738.22
2021-11-29,116.78,117.19,117.23,116.46,632218.01
2021-11-30,117.8,117.07,117.96,116.87,618799.33
2021-12-01,116.78,118.93,119.17,116.58,842458.97
2021-12-02,118.77,119.62,120.23,118.4,739732.21
2021-12-03,120.02,121.16,121.64,119.82,1045718.87
2021-12-06,122.09,125.73,128.12,122.09,3164170.33
2021-12-07,126.91,126.71,128.12,126.14,1836993.77
2021-12-08,127.52,128.08,128.61,126.34,1418086.8
2021-12-09,127.72,129.66,131.12,127.52,1895881.87
2021-12-10,128.41,127.88,128.65,127.11,1213975.97
2021-12-13,130.15,128.81,131.24,128.77,1548178.58
2021-12-14,128.12,127.4,128.69,126.95,910136.87
2021-12-15,128.0,127.72,129.18,127.35,678402.63
2021-12-16,127.92,128.73,129.26,127.68,590210.7
2021-12-17,129.14,127.27,129.42,127.19,665803.24
2021-12-20,127.31,125.61,128.12,125.33,749118.93
2021-12-21,125.41,126.54,127.23,125.41,530788.49
2021-12-22,126.59,125.61,127.03,125.57,398666.8
2021-12-23,125.73,125.82,126.34,124.97,448028.78
2021-12-24,125.78,124.84,126.91,124.8,499960.91
2021-12-27,125.33,126.1,126.3,124.64,451895.83
2021-12-28,126.5,126.3,127.23,125.45,549142.12
2021-12-29,126.63,125.61,126.63,125.41,485993.17
2021-12-30,125.49,127.6,128.61,125.49,781346.17
2021-12-31,127.96,127.76,128.89,127.68,670511.36
2022-01-04,127.76,127.88,128.49,126.38,606261.75
2022-01-05,127.35,125.86,127.88,124.92,982363.2
2022-01-06,125.37,123.75,126.18,123.59,898958.62
2022-01-07,124.24,124.97,126.02,124.07,572166.55
2022-01-10,125.9,125.41,126.46,125.05,458670.51
2022-01-11,125.41,125.94,127.88,124.97,658878.59
2022-01-12,125.69,126.79,127.03,124.88,605876.66
2022-01-13,128.77,127.56,129.5,127.48,1144382.16
2022-01-14,124.11,122.17,125.29,122.09,1850995.33
2022-01-17,121.56,124.76,126.5,121.2,1619643.14
2022-01-18,124.6,124.88,126.22,124.24,1310253.43
2022-01-27,127.41,124.34,127.82,123.09,2249220.39
2022-01-28,124.58,126.43,129.96,124.48,1798786.54
2022-02-07,128.1,129.59,130.14,127.31,1178471.82
2022-02-08,129.22,130.01,130.28,128.15,846227.62
2022-02-09,129.82,129.73,130.24,128.43,799554.49
2022-02-10,129.31,129.82,130.19,128.75,629345.37
2022-02-11,129.68,131.49,133.72,129.45,1159875.12
2022-02-14,130.14,127.36,130.98,126.99,996277.31
2022-02-15,126.48,126.85,127.17,125.09,805111.83
2022-02-16,127.17,126.15,127.92,126.06,684181.74
2022-02-17,126.57,125.09,126.9,124.67,628127.13
2022-02-18,124.72,126.62,126.9,124.72,511149.41
2022-02-21,127.36,126.06,127.59,125.04,629341.57
2022-02-22,125.04,123.79,125.27,122.4,1065786.87
2022-02-23,123.79,124.81,124.85,123.23,763228.18
2022-02-24,123.65,121.14,123.79,120.08,1338456.36
2022-02-25,121.79,120.49,122.53,120.26,727586.08
2022-02-28,120.17,120.54,120.77,119.05,614453.64
2022-03-01,120.77,120.72,121.14,119.56,768058.31
2022-03-02,119.98,119.29,120.35,118.87,688577.5
2022-03-03,119.56,119.94,120.08,119.05,578138.71
2022-03-04,119.01,117.76,119.15,117.43,790290.58
2022-03-07,117.06,113.16,117.06,112.42,1419644.99
2022-03-08,113.3,110.19,113.81,109.91,1183290.68
2022-03-09,110.66,108.61,111.03,105.09,1382086.06
2022-03-10,110.66,108.15,111.03,107.78,1234674.55
2022-03-11,106.8,109.26,110.14,104.85,1546967.88
2022-03-14,107.41,107.5,109.36,107.13,812738.14
2022-03-15,106.71,103.28,108.1,102.72,1566993.77
2022-03-16,104.39,108.94,110.52,102.21,2310605.91
2022-03-17,109.96,108.43,111.26,108.15,1628894.29
2022-03-18,108.8,111.82,111.82,107.92,1450580.17
2022-03-21,110.1,108.85,110.24,108.15,1182435.08
2022-03-22,108.34,109.03,110.01,108.29,664789.56
2022-03-23,109.4,108.98,109.5,108.52,549514.73
2022-03-24,108.24,108.24,109.22,107.96,540818.59
2022-03-25,107.96,106.8,108.94,106.62,616371.17
2022-03-28,105.92,107.22,107.87,105.37,650026.36
2022-03-29,107.73,106.25,107.96,105.92,532347.44
2022-03-30,107.08,110.05,110.47,107.08,1340412.92
2022-03-31,109.22,109.26,109.82,108.8,688174.8
2022-04-01,108.38,110.28,111.17,108.24,1000268.0
2022-04-06,109.31,110.28,110.38,108.94,667070.0
2022-04-07,109.73,108.24,110.56,108.24,724825.0
2022-04-08,108.66,110.1,110.24,107.73,950965.0
2022-04-11,109.63,107.27,109.73,106.9,889097.0
2022-04-12,107.27,110.19,111.58,107.13,1156969.0
2022-04-13,108.8,108.34,110.01,108.06,928591.0
2022-04-14,109.26,109.59,110.66,108.89,992873.0
2022-04-15,109.26,109.17,110.19,108.52,770651.0
2022-04-18,108.15,106.43,108.15,105.55,925843.0
2022-04-19,106.53,106.11,107.04,105.6,573874.0
2022-04-20,105.83,104.67,106.34,104.48,712133.0
2022-04-21,104.39,104.34,106.2,103.74,836545.0
2022-04-22,103.6,104.53,105.18,103.37,739041.0
2022-04-25,102.72,101.51,104.85,101.42,1051415.0
2022-04-26,101.51,97.34,101.89,96.78,1458886.0
2022-04-27,96.27,99.57,100.4,95.85,1036628.0
2022-04-28,98.82,99.38,99.7,97.89,783359.0
2022-04-29,101.75,103.65,104.53,100.12,1571358.0
2022-05-05,102.63,102.21,103.56,102.16,818892.0
2022-05-06,100.45,99.52,101.19,99.52,669163.0
2022-05-09,99.29,99.19,99.94,98.82,422021.0
2022-05-10,98.17,100.49,101.28,98.03,695687.0
2022-05-11,100.68,101.05,102.86,100.26,976802.0
2022-05-12,100.49,100.86,102.16,100.35,532809.0
2022-05-13,101.37,101.79,102.02,100.82,561558.0
2022-05-16,102.44,100.77,102.63,100.4,591296.0
2022-05-17,101.1,101.93,102.53,100.45,600074.0
2022-05-18,102.21,102.86,103.18,101.84,772862.0
2022-05-19,101.61,102.16,102.49,101.37,488009.0
2022-05-20,103.05,103.93,104.44,102.86,921753.0
2022-05-23,103.51,103.69,104.16,102.77,577127.0
2022-05-24,103.6,101.56,103.88,101.51,628092.0
2022-05-25,101.61,101.89,102.49,101.42,433263.0
2022-05-26,101.98,103.32,103.93,101.42,660404.0
2022-05-27,103.6,103.28,104.16,102.77,551474.0
2022-05-30,103.6,102.77,103.97,102.53,514139.0
2022-05-31,102.67,104.11,104.25,102.44,740463.0
2022-06-01,104.16,103.28,104.62,102.77,585778.0
2022-06-02,102.67,103.6,104.02,102.02,730835.0
2022-06-06,103.23,104.9,105.41,102.67,1065213.0
2022-06-07,104.76,105.6,107.04,104.53,1218894.0
2022-06-08,105.92,106.76,107.22,105.32,1123419.0
2022-06-09,106.8,106.15,108.61,105.78,1126433.0
2022-06-10,105.55,108.75,109.4,105.27,1378416.0
2022-06-13,107.31,106.34,107.78,105.6,1199708.0
2022-06-14,105.09,110.24,110.42,103.28,2041708.0
2022-06-15,110.66,113.76,117.85,110.61,3870782.0
2022-06-16,113.39,108.89,113.39,108.8,2456362.0
2022-06-17,107.87,108.89,110.89,107.18,1477400.0
2022-06-20,108.75,108.43,110.05,107.73,1123384.0
2022-06-21,108.2,109.77,110.61,108.1,1303470.0
2022-06-22,109.96,108.61,110.84,108.24,1087038.0
2022-06-23,108.47,113.3,115.76,108.43,2189825.0
2022-06-24,113.63,112.65,114.27,112.0,1353485.0
2022-06-27,113.21,113.44,114.51,112.51,1147774.0
2022-06-28,113.21,113.21,114.32,111.12,1307242.0
2022-06-29,112.42,111.63,113.67,111.44,1024874.0
2022-06-30,111.77,112.79,114.14,111.77,1050794.0
2022-07-01,112.98,111.3,113.16,110.89,762405.0
2022-07-04,111.3,111.77,111.91,109.26,974439.0
2022-07-05,111.82,110.47,112.74,109.31,978338.0
2022-07-06,109.96,109.36,110.75,109.03,782232.0
2022-07-07,109.4,109.22,110.05,108.98,565501.0
2022-07-08,109.54,108.2,109.82,108.01,709285.0
2022-07-11,107.5,106.02,107.78,105.78,1019754.0
2022-07-12,106.25,106.11,107.08,105.64,728404.0
2022-07-13,106.11,106.11,106.9,105.78,544024.0
2022-07-14,105.92,105.18,106.11,105.09,565378.0
2022-07-15,105.09,103.09,105.83,103.09,844822.0
2022-07-18,103.46,104.48,104.95,103.46,622302.0
2022-07-19,104.48,104.9,105.46,103.69,567338.0
2022-07-20,105.18,104.99,105.5,104.76,471607.0
2022-07-21,104.81,104.02,105.04,103.97,426832.0
2022-07-22,104.34,104.53,105.32,103.83,471389.0
2022-07-25,104.48,103.51,104.53,103.28,463479.0
2022-07-26,103.69,104.3,104.67,103.6,343846.0
2022-07-27,103.93,104.21,104.53,103.83,326735.0
2022-07-28,104.67,104.48,105.64,104.39,595376.0
2022-07-29,104.53,103.23,105.46,103.18,582422.0
2022-08-01,103.0,102.02,103.05,101.56,561560.0
2022-08-02,100.91,99.52,100.91,98.59,956124.0
2022-08-03,99.52,99.29,100.4,99.05,561538.0
2022-08-04,99.57,99.7,100.59,99.47,619833.0
2022-08-05,99.84,101.84,101.98,99.66,702522.0
2022-08-08,101.47,102.44,102.67,101.33,470863.0
2022-08-09,102.3,102.21,103.42,102.02,505544.0
2022-08-10,102.35,102.67,103.65,101.75,487223.0
2022-08-11,103.28,105.88,106.25,102.81,1397311.0
2022-08-12,105.09,105.37,105.83,104.81,741750.0
2022-08-15,104.9,104.85,105.97,104.58,502255.0
2022-08-16,105.09,104.81,105.6,104.67,371111.0
2022-08-17,105.04,106.02,106.39,104.21,776178.0
2022-08-18,105.55,105.18,106.02,104.95,371902.0
2022-08-19,105.27,104.99,105.92,104.9,373062.0
2022-08-22,104.72,104.85,105.64,104.62,362703.0
2022-08-23,104.85,104.62,105.92,104.21,515282.0
2022-08-24,104.58,102.95,105.78,102.77,768150.0
2022-08-25,103.05,105.64,106.39,102.81,961571.0
2022-08-26,106.2,104.81,106.29,104.53,648589.0
2022-08-29,104.25,104.67,105.27,103.93,399914.0
2022-08-30,104.62,104.11,105.27,102.95,609104.0
2022-08-31,103.65,105.37,106.48,103.51,889231.0
2022-09-01,104.72,104.34,105.27,103.74,530111.0
2022-09-02,104.34,104.07,105.18,103.42,446179.0
2022-09-05,103.69,104.21,104.53,103.32,430613.0
2022-09-06,104.34,105.18,105.27,104.25,599818.0
2022-09-07,104.81,104.67,105.04,104.34,319087.0
2022-09-08,104.81,104.39,105.46,104.39,374768.0
2022-09-09,104.58,106.57,107.22,104.44,1007421.0
2022-09-13,106.94,106.8,107.59,106.29,622301.0
2022-09-14,105.74,105.64,106.39,105.46,523532.0
2022-09-15,105.74,105.41,106.66,104.85,615972.0
2022-09-16,104.76,100.26,105.13,99.98,1918654.0
2022-09-19,99.94,100.26,100.91,99.75,658783.0
2022-09-20,100.45,100.26,100.96,99.8,447836.0
2022-09-21,99.75,100.31,100.86,99.43,481071.0
2022-09-22,99.61,100.12,100.54,99.52,327023.0
2022-09-23,100.03,99.98,100.63,99.47,376786.0
2022-09-26,99.43,98.4,99.75,98.31,477755.0
2022-09-27,98.78,98.64,99.15,97.52,596610.0
2022-09-28,98.13,97.01,98.31,96.69,544254.0
2022-09-29,97.62,95.53,97.71,95.16,568276.0
2022-09-30,95.48,95.62,96.32,95.34,412399.0
2022-10-10,94.97,95.2,96.5,94.83,444611.0
2022-10-11,95.57,95.48,96.69,94.92,393165.0
2022-10-12,95.48,97.34,97.48,95.06,562548.0
2022-10-13,97.01,96.97,97.24,96.41,414404.0
2022-10-14,97.71,98.64,99.24,97.48,621606.0
2022-10-17,98.31,99.15,99.47,98.13,395460.0
2022-10-18,99.33,99.1,99.7,98.78,375948.0
2022-10-19,99.05,98.78,99.57,98.59,435640.0
2022-10-20,98.54,98.78,99.98,98.4,462291.0
2022-10-21,100.12,99.24,100.63,98.96,702020.0
2022-10-24,99.8,97.2,100.86,96.73,852518.0
2022-10-25,97.38,96.13,98.17,95.81,736668.0
2022-10-26,95.99,96.13,97.57,95.76,695153.0
2022-10-27,96.36,96.46,97.43,96.22,512715.0
2022-10-28,96.08,94.69,96.64,94.37,594711.0
2022-10-31,94.55,94.65,95.71,93.86,618304.0
2022-11-01,94.97,97.85,97.85,94.88,834094.0
2022-11-02,96.92,97.89,98.4,96.78,651511.0
2022-11-03,97.62,97.06,97.76,96.69,377555.0
2022-11-04,96.97,99.47,100.12,96.97,862706.0
2022-11-07,99.01,99.57,100.17,98.82,598130.0
2022-11-08,99.7,99.61,100.12,98.87,372081.0
2022-11-09,99.57,99.47,100.21,99.24,333565.0
2022-11-10,99.05,100.31,100.86,98.87,617652.0
2022-11-11,102.95,102.77,103.88,101.61,1247938.0
2022-11-14,103.6,103.88,105.37,102.95,1340592.0
2022-11-15,103.46,106.66,108.01,103.46,1424833.0
2022-11-16,106.25,104.95,106.99,104.81,730208.0
2022-11-17,104.62,105.09,105.23,104.07,513618.0
2022-11-18,105.04,103.65,105.27,103.51,565865.0
2022-11-21,102.95,102.26,102.95,101.56,460381.0
2022-11-22,102.67,103.69,104.48,102.12,535088.0
2022-11-23,103.56,103.97,104.9,103.32,487637.0
2022-11-24,104.72,103.42,105.23,103.28,406165.0
2022-11-25,103.42,104.58,105.04,103.23,542375.0
2022-11-28,102.95,103.0,103.18,101.79,536798.0
2022-11-29,103.18,106.39,107.18,103.18,1212733.0
2022-11-30,105.97,106.76,108.01,105.83,1055676.0
2022-12-01,108.43,107.45,112.05,107.27,1979497.0
2022-12-02,107.59,106.8,108.2,106.39,585850.0
2022-12-05,108.24,111.44,111.68,108.24,1680806.0
2022-12-06,110.52,111.77,113.44,110.52,1251618.0
2022-12-07,111.49,110.33,112.14,109.91,760814.0
2022-12-08,110.14,109.96,110.93,109.45,632475.0
2022-12-09,110.14,110.56,111.12,108.8,844050.0
2022-12-12,109.63,108.71,110.14,108.34,694337.0
2022-12-13,108.98,108.98,109.91,108.57,597671.0
2022-12-14,109.22,110.1,110.84,108.34,590594.0
2022-12-15,109.68,108.85,110.38,108.75,433059.0
2022-12-16,108.61,109.5,110.28,108.47,594499.0
2022-12-19,109.73,107.41,110.38,106.94,682772.0
2022-12-20,107.13,106.25,108.06,105.55,488120.0
2022-12-21,106.85,106.39,106.9,106.06,295335.0
2022-12-22,107.59,106.99,107.87,106.53,468564.0
2022-12-23,106.34,106.62,107.45,106.11,354937.0
2022-12-26,106.43,106.06,107.18,105.83,342238.0
2022-12-27,106.66,108.24,108.38,106.2,596653.0
2022-12-28,107.87,107.82,108.29,107.41,313698.0
2022-12-29,107.13,106.57,107.5,105.88,483679.0
2022-12-30,106.9,107.18,108.29,106.9,448713.0
2023-01-03,106.57,107.13,107.45,104.62,692944.0
2023-01-04,107.31,108.29,108.52,107.13,492645.0
2023-01-05,108.98,109.63,110.14,108.57,780586.0
2023-01-06,109.17,109.5,109.96,108.75,503337.0
2023-01-09,110.14,110.61,111.77,109.91,786134.0
2023-01-10,110.38,109.63,111.12,109.5,479810.0
2023-01-11,109.91,109.17,110.28,108.47,552668.0
2023-01-12,109.4,109.73,109.77,108.61,387843.0
2023-01-13,109.73,111.07,111.07,108.85,828639.0
2023-01-16,111.21,114.74,116.83,110.66,2366243.0
2023-01-17,113.95,115.16,115.34,113.63,807047.0
2023-01-18,114.6,114.0,115.48,114.0,593369.0
2023-01-19,113.76,115.11,115.16,113.44,678180.0
2023-01-20,115.2,115.34,115.48,113.86,710780.0
2023-01-30,118.03,115.06,118.22,114.37,1278232.0
2023-01-31,115.62,114.14,116.08,113.58,829063.0
2023-02-01,114.51,117.29,117.71,114.14,1005566.0
2023-02-02,119.05,114.23,119.15,114.09,1943692.0
2023-02-03,113.63,113.9,114.0,112.51,819820.0
2023-02-06,112.98,111.54,112.98,111.3,788730.0
2023-02-07,112.0,111.77,112.37,111.44,416286.0
2023-02-08,111.82,111.63,112.14,111.35,307495.0
2023-02-09,111.49,113.02,113.02,111.3,505692.0
2023-02-10,112.7,112.05,112.7,111.68,389886.0
2023-02-13,111.4,111.91,112.37,111.07,470592.0
2023-02-14,112.23,111.86,112.33,111.12,378261.0
2023-02-15,111.72,111.07,112.05,110.89,441502.0
2023-02-16,111.17,110.24,112.47,109.45,754672.0
2023-02-17,110.14,108.71,110.61,108.66,534649.0
2023-02-20,109.77,112.42,112.7,109.5,965455.0
2023-02-21,111.91,112.65,113.02,111.72,717272.0
2023-02-22,112.23,111.3,112.7,110.98,690167.0
2023-02-23,111.35,112.37,113.07,111.35,694633.0
2023-02-24,112.47,110.33,112.65,110.33,760295.0
2023-02-27,109.36,109.63,110.1,108.98,374362.0
2023-02-28,109.91,110.61,110.7,109.22,418406.0
2023-03-01,110.42,111.77,112.23,110.05,570920.0
2023-03-02,111.49,111.68,112.19,111.21,395712.0
2023-03-03,111.86,113.02,113.3,111.54,710361.0
2023-03-06,113.07,110.79,113.11,110.52,877479.0
2023-03-07,110.61,109.96,112.98,109.77,1201098.0
2023-03-08,109.4,109.26,109.68,108.75,676840.0
2023-03-09,109.63,108.89,109.96,108.8,442349.0
2023-03-10,108.15,107.55,108.34,107.18,587130.0
2023-03-13,107.59,108.2,108.43,107.36,446131.0
2023-03-14,107.73,106.94,107.82,106.15,568961.0
2023-03-15,107.78,107.82,108.06,107.31,495211.0
2023-03-16,106.9,107.18,108.01,106.8,472923.0
2023-03-17,107.82,108.34,109.91,107.82,881548.0
2023-03-20,108.34,107.82,109.54,107.64,651845.0
2023-03-21,108.2,108.57,109.22,107.82,438535.0
2023-03-22,108.98,108.98,109.36,108.38,539983.0
2023-03-23,108.34,109.87,109.91,108.2,509007.0
2023-03-24,109.73,110.01,110.33,109.31,428716.0
2023-03-27,110.01,109.45,110.33,108.85,513917.0
2023-03-28,109.63,109.4,109.87,108.98,380341.0
2023-03-29,109.82,108.57,109.87,108.06,481011.0
2023-03-30,108.38,109.82,110.47,107.87,576891.0
2023-03-31,109.5,109.82,110.33,109.31,390271.0
2023-04-03,109.82,112.23,112.47,109.77,1285585.0
2023-04-04,112.23,112.56,112.93,111.77,992536.0
2023-04-06,112.47,111.72,112.6,111.35,566802.0
2023-04-07,111.77,113.02,113.86,111.44,789999.0
2023-04-10,113.72,112.79,114.37,112.47,849665.0
2023-04-11,113.39,113.81,115.53,113.35,1161390.0
2023-04-12,113.81,113.81,114.46,113.3,612833.0
2023-04-13,113.25,111.95,113.3,111.91,647184.0
2023-04-14,112.28,112.0,112.84,111.4,481025.0
2023-04-17,112.0,115.85,115.85,111.82,1624228.0
2023-04-18,115.81,115.62,116.5,115.02,990579.0
2023-04-19,115.53,114.46,115.62,114.18,658684.0
2023-04-20,114.14,114.79,114.97,113.76,568484.0
2023-04-21,114.65,111.35,114.74,111.3,952917.0
2023-04-24,111.26,110.47,111.77,109.87,712967.0
2023-04-25,110.38,110.93,111.77,109.87,745541.0
2023-04-26,110.38,110.52,111.12,109.82,651940.0
2023-04-27,110.38,112.37,112.7,110.05,886401.0
2023-04-28,111.21,112.33,113.3,110.05,1268279.0
2023-05-04,111.44,113.49,114.37,110.01,1070272.0
2023-05-05,113.95,116.55,117.94,113.86,2183066.0
2023-05-08,115.95,120.08,121.42,115.25,2838762.0
2023-05-09,120.96,120.31,125.74,120.12,4023736.0
2023-05-10,119.19,116.36,119.94,115.81,2103400.0
2023-05-11,116.5,115.95,117.38,115.57,830927.0
2023-05-12,115.76,114.55,116.32,114.23,851291.0
2023-05-15,114.41,116.04,116.41,112.6,1122918.0
2023-05-16,115.95,115.95,117.57,115.39,804855.0
2023-05-17,115.48,115.3,116.41,114.79,483320.0
2023-05-18,115.34,115.34,116.97,115.02,604724.0
2023-05-19,115.02,113.58,115.02,113.21,766753.0
2023-05-22,113.49,113.63,114.37,113.21,484949.0
2023-05-23,113.53,111.54,113.72,111.54,773846.0
2023-05-24,111.49,108.89,111.49,108.8,1090077.0
2023-05-25,108.57,109.08,109.26,108.06,660117.0
2023-05-26,109.08,109.31,109.87,108.34,457693.0
2023-05-29,109.26,109.22,109.63,108.61,500163.0
2023-05-30,109.4,109.26,109.73,108.06,655883.0
2023-05-31,108.98,107.82,108.98,107.36,982478.0
2023-06-01,107.82,108.06,109.03,107.41,750125.0
2023-06-02,108.29,108.47,108.85,108.1,882620.0
2023-06-05,108.52,107.59,108.61,107.5,613004.0
2023-06-06,107.59,106.8,108.57,106.66,740980.0
2023-06-07,106.9,106.99,107.78,106.71,476803.0
2023-06-08,107.04,108.52,108.94,106.39,771346.0
2023-06-09,108.43,108.43,108.98,107.96,510678.0
2023-06-12,108.29,106.9,108.38,106.8,897547.0
2023-06-13,106.71,107.5,107.59,106.71,509990.0
2023-06-14,107.59,107.59,108.8,107.5,756191.0
2023-06-15,108.2,108.98,109.26,107.73,830879.0
2023-06-16,109.12,109.4,109.59,108.61,702426.0
2023-06-19,109.36,108.29,109.36,108.01,679583.0
2023-06-20,108.29,107.87,108.57,107.59,601379.0
2023-06-21,107.69,106.9,108.01,106.76,512318.0
2023-06-26,106.02,104.3,106.02,104.25,833980.0
2023-06-27,104.34,105.23,105.55,104.34,376666.0
2023-06-28,105.13,105.27,105.46,104.62,384117.0
2023-06-29,105.23,104.99,105.6,104.67,295886.0
2023-06-30,104.9,106.57,107.18,104.9,518329.0
2023-07-03,106.66,108.71,109.4,106.57,871629.0
2023-07-04,108.43,108.89,109.5,108.34,462444.0
2023-07-05,108.8,108.29,109.17,108.29,343733.0
2023-07-06,107.59,107.82,108.66,107.45,421413.0
2023-07-07,107.45,108.2,108.71,107.22,415074.0
2023-07-10,108.34,108.15,108.94,107.69,339428.0
2023-07-11,108.52,108.71,108.98,108.29,353911.0
2023-07-12,108.85,107.96,109.03,107.87,315572.0
2023-07-13,108.47,109.77,110.1,108.43,803793.0
2023-07-14,110.05,109.91,110.28,109.4,445111.0
2023-07-17,109.63,108.89,109.63,108.52,349439.0
2023-07-18,109.36,108.94,109.4,108.52,274262.0
2023-07-19,108.24,109.5,109.59,108.24,387182.0
2023-07-20,109.91,108.98,110.14,108.94,441118.0
2023-07-21,108.98,109.26,110.24,108.85,445415.0
2023-07-24,108.34,109.4,110.38,108.29,396661.0
2023-07-25,113.63,114.92,115.71,112.19,2590025.0
2023-07-26,114.79,115.85,115.95,114.27,1284302.0
2023-07-27,115.81,114.65,116.73,114.41,916243.0
2023-07-28,114.41,124.62,124.62,114.37,4413377.0
2023-07-31,127.55,126.62,130.19,125.69,4465017.0
2023-08-01,125.69,124.62,127.41,123.28,2738399.0
2023-08-02,124.67,125.46,128.89,124.53,2239608.0
2023-08-03,128.29,128.15,130.05,125.18,2633857.0
2023-08-04,130.79,129.4,135.9,128.43,4677813.0
2023-08-07,127.45,129.73,130.24,125.74,1919689.0
2023-08-08,128.1,130.33,132.65,125.6,2488180.0
2023-08-09,129.12,130.38,131.72,128.61,1639236.0
2023-08-10,130.33,131.72,131.72,129.63,1872111.0
2023-08-11,130.7,126.62,130.7,126.06,2801688.0
2023-08-14,123.83,124.99,127.22,123.83,1938486.0
2023-08-15,124.9,126.66,126.8,124.44,1491247.0
2023-08-16,125.04,126.2,129.12,123.56,1453083.0
2023-08-17,125.23,125.92,127.22,123.83,1330955.0
2023-08-18,127.36,126.01,130.01,126.01,1600767.0
2023-08-21,124.62,121.24,125.04,121.0,2116638.0
2023-08-22,122.58,122.53,123.69,121.05,1277267.0
2023-08-23,122.02,120.59,122.63,120.54,752343.0
2023-08-24,121.56,124.11,125.78,121.28,1556384.0
2023-08-25,123.74,125.78,126.76,123.0,1343605.0
2023-08-28,136.64,127.45,136.64,126.85,5056354.0
2023-08-29,125.5,125.55,127.27,123.32,2511461.0
2023-08-30,125.55,121.75,125.55,121.61,2316335.0
2023-08-31,121.75,120.08,122.49,119.98,1216414.0
2023-09-01,120.63,120.91,122.16,120.12,998386.0
2023-09-04,121.51,121.79,122.67,120.54,992210.0
2023-09-05,121.33,120.91,121.33,120.26,646908.0
2023-09-06,120.26,119.75,120.63,118.96,977957.0
2023-09-07,119.75,119.7,121.1,119.19,857824.0
2023-09-08,119.29,120.31,120.63,118.13,735701.0
2023-09-11,120.54,121.93,122.77,119.66,1127082.0
2023-09-12,121.51,120.96,122.02,120.82,655934.0
2023-09-13,121.19,120.45,121.28,119.98,558953.0
2023-09-14,120.4,120.49,120.91,119.89,559797.0
2023-09-15,120.72,119.38,120.91,118.92,749102.0
2023-09-18,118.92,119.8,119.84,118.31,597284.0
2023-09-19,119.8,119.24,119.84,118.96,479372.0
2023-09-20,119.1,118.68,119.38,117.89,393267.0
2023-09-21,118.31,117.89,119.29,117.85,493029.0
2023-09-22,117.71,121.98,122.16,117.62,1278377.0
2023-09-25,121.37,118.68,121.37,118.45,1036854.0
2023-09-26,118.54,119.05,119.8,118.36,571626.0
2023-09-27,118.73,119.29,119.98,118.73,583678.0
2023-09-28,119.47,117.57,119.89,117.52,854426.0
2023-10-09,116.46,117.66,117.94,114.92,707714.0
2023-10-10,118.27,116.5,118.5,116.41,405554.0
2023-10-11,117.2,116.87,117.62,116.59,393846.0
2023-10-12,118.59,118.03,119.05,117.52,577071.0
2023-10-13,117.2,116.92,117.48,116.64,375228.0
2023-10-16,116.69,116.87,117.8,115.99,424367.0
2023-10-17,117.24,118.92,120.03,116.87,857709.0
2023-10-18,118.27,118.5,119.33,118.03,469291.0
2023-10-19,117.76,117.11,118.82,116.92,790917.0
2023-10-20,116.5,116.97,117.99,116.36,654234.0
2023-10-23,116.18,115.34,116.69,114.74,546026.0
2023-10-24,115.9,117.38,118.13,115.67,765613.0
2023-10-25,118.78,118.4,119.61,117.89,784531.0
2023-10-26,117.8,118.22,118.68,116.87,530432.0
2023-10-27,117.57,119.29,119.98,116.36,929863.0
2023-10-30,118.5,117.29,118.59,116.04,1028837.0
2023-10-31,117.2,117.8,118.5,116.83,672834.0
2023-11-01,118.82,117.89,119.33,116.83,581701.0
2023-11-02,117.89,116.97,118.54,116.73,482603.0
2023-11-03,116.97,118.5,118.68,116.46,895103.0
2023-11-06,121.7,123.0,123.97,120.35,1935126.0
2023-11-07,121.98,122.81,123.42,121.84,966080.0
2023-11-08,122.77,121.84,122.95,121.05,918894.0
2023-11-09,121.33,121.28,121.98,120.54,610136.0
2023-11-10,120.77,121.28,121.7,120.54,567732.0
2023-11-13,121.28,120.49,121.37,120.12,532958.0
2023-11-14,120.59,122.02,123.56,120.54,1105527.0
2023-11-15,123.28,121.93,123.42,121.56,728543.0
2023-11-16,121.93,121.14,122.4,121.1,462101.0
2023-11-17,120.68,121.56,121.56,120.26,484639.0
2023-11-20,121.51,120.77,121.56,119.47,588282.0
2023-11-21,121.33,121.19,123.04,120.82,744222.0
2023-11-22,120.59,120.12,121.37,120.08,364603.0
2023-11-23,120.12,120.26,120.49,118.78,498746.0
2023-11-24,120.03,119.38,120.26,119.29,465400.0
2023-11-27,119.15,117.71,119.19,116.87,820899.0
2023-11-28,117.66,117.34,118.13,116.92,463398.0
2023-11-29,117.57,116.36,117.57,115.9,498813.0
2023-11-30,116.36,116.59,116.83,115.81,477454.0
2023-12-01,116.41,117.11,117.38,115.95,494455.0
2023-12-04,116.87,116.41,117.38,116.36,374544.0
2023-12-05,116.08,115.11,116.73,114.97,477292.0
2023-12-06,114.92,114.27,115.34,114.27,463647.0
2023-12-07,114.04,114.65,115.11,113.67,431004.0
2023-12-08,114.6,114.27,115.25,114.27,468350.0
2023-12-11,113.58,115.48,115.67,112.6,717469.0
2023-12-12,114.83,115.11,115.43,114.65,418151.0
2023-12-13,115.06,113.16,115.06,113.11,667977.0
2023-12-14,113.58,112.19,113.9,112.09,547770.0
2023-12-15,112.51,112.0,113.63,111.91,589352.0
2023-12-18,111.72,111.91,112.6,111.35,422359.0
2023-12-19,111.86,112.84,112.84,111.54,485472.0
2023-12-20,112.7,110.61,112.74,110.52,614281.0
2023-12-21,110.38,111.12,111.49,110.01,532444.0
2023-12-22,110.79,111.17,111.68,109.96,530620.0
2023-12-25,110.7,109.91,111.26,109.82,497957.0
2023-12-26,109.87,109.17,110.1,108.61,402623.0
2023-12-27,109.08,109.4,110.24,108.1,631842.0
2023-12-28,109.08,111.58,111.95,108.98,872080.0
2023-12-29,111.4,111.58,112.37,111.17,644382.0
2024-01-02,111.63,110.19,111.72,110.14,587765.0
2024-01-03,109.87,110.7,111.03,109.77,547514.0
2024-01-04,110.42,109.87,110.61,109.12,503918.0
2024-01-05,109.63,108.89,110.7,108.29,696148.0
2024-01-08,108.57,107.18,109.22,107.08,625671.0
2024-01-09,107.18,107.36,107.82,106.76,458458.0
2024-01-10,107.31,107.36,108.15,106.43,525961.0
2024-01-11,107.45,108.01,108.29,106.8,447933.0
2024-01-12,107.55,107.64,108.61,107.31,397471.0
2024-01-15,106.9,107.45,108.43,106.76,338558.0
2024-01-16,107.31,107.92,108.1,106.25,580084.0
2024-01-17,107.55,106.25,107.69,106.25,561491.0
2024-01-18,105.55,107.5,107.73,104.21,1121366.0
2024-01-19,106.62,107.41,107.92,106.39,691141.0
2024-01-22,107.08,105.83,107.87,104.85,984471.0
2024-01-23,105.46,108.85,109.63,104.95,1152870.0
2024-01-24,109.31,112.28,112.74,108.06,1453993.0
2024-01-25,111.44,112.47,113.11,110.47,1542794.0
2024-01-26,111.72,113.72,114.88,111.3,1482557.0
2024-01-29,113.21,112.56,114.0,112.33,893544.0
2024-01-30,111.95,111.91,113.58,111.17,900567.0
2024-01-31,111.49,112.19,113.21,111.03,793198.0
2024-02-01,111.26,111.91,113.49,111.17,765051.0
2024-02-02,111.91,110.7,112.28,108.34,1022182.0
2024-02-05,110.24,110.7,112.28,108.75,996991.0
2024-02-06,110.61,115.16,115.53,109.87,1210246.0
2024-02-07,114.6,115.34,115.81,114.04,1121726.0
2024-02-08,115.9,115.67,116.97,114.88,1009396.0
2024-02-19,115.06,113.81,115.06,112.42,952239.0
2024-02-20,113.25,114.46,115.3,113.02,888629.0
2024-02-21,114.04,116.27,117.8,113.63,1287130.0
2024-02-22,115.76,117.89,118.22,115.57,1094041.0
2024-02-23,117.94,116.92,118.13,116.64,777536.0
2024-02-26,117.01,116.08,117.43,115.95,646414.0
2024-02-27,115.99,116.64,116.69,115.57,810284.0
2024-02-28,116.92,114.51,117.94,114.51,1172925.0
2024-02-29,114.51,115.9,116.13,114.27,963923.0
2024-03-01,115.9,115.99,116.55,114.97,723936.0
2024-03-04,116.04,115.25,116.18,114.79,590709.0
2024-03-05,114.65,115.34,115.62,114.6,790445.0
2024-03-06,115.3,114.97,116.36,114.65,654451.0
2024-03-07,114.83,113.63,115.43,113.16,892486.0
2024-03-08,113.58,113.58,114.04,113.16,465433.0
2024-03-11,114.0,115.39,115.43,113.9,758369.0
2024-03-12,115.9,116.36,116.59,115.25,820888.0
2024-03-13,116.36,114.83,116.5,114.74,635468.0
2024-03-14,114.55,113.58,115.25,113.16,675060.0
2024-03-15,113.16,113.9,114.0,112.6,608804.0
2024-03-18,114.0,115.71,116.5,113.9,1026790.0
2024-03-19,115.53,113.72,115.53,113.63,724657.0
2024-03-20,113.44,113.76,114.37,113.3,479502.0
2024-03-21,113.9,113.72,115.3,113.58,680561.0
2024-03-22,113.72,112.19,113.9,111.91,766249.0
2024-03-25,108.94,107.55,109.5,107.55,1799742.0
2024-03-26,107.13,108.01,108.1,107.13,763998.0
2024-03-27,107.64,106.85,107.73,106.71,687822.0
2024-03-28,106.62,106.66,107.69,106.29,1037015.0
2024-03-29,106.53,106.15,106.53,105.69,867231.0
2024-04-01,106.62,107.13,107.27,106.62,907087.0
2024-04-02,107.18,106.66,107.41,106.53,688563.0
2024-04-03,106.53,105.97,106.57,105.83,530948.0
2024-04-08,105.23,104.85,105.55,104.21,724600.0
2024-04-09,104.76,104.9,105.46,104.67,448793.0
2024-04-10,104.72,102.49,104.81,102.21,975998.0
2024-04-11,102.16,102.16,103.0,101.93,612759.0
2024-04-12,102.21,100.31,102.53,100.12,1057567.0
2024-04-15,98.27,99.38,100.21,97.15,1799117.0
2024-04-16,98.31,98.87,100.59,98.17,1249252.0
2024-04-17,98.64,101.05,101.1,98.03,1205475.0
2024-04-18,100.63,101.56,103.05,100.49,1349376.0
2024-04-19,101.05,101.19,101.98,100.86,782310.0
2024-04-22,101.19,101.89,103.14,101.19,779616.0
2024-04-23,102.07,101.84,102.58,101.51,665688.0
2024-04-24,101.75,101.84,102.12,100.82,548570.0
2024-04-25,101.75,101.42,102.07,101.1,516679.0
2024-04-26,103.14,105.97,106.48,102.3,2255741.0
2024-04-29,106.02,106.99,107.64,105.46,1886652.0
2024-04-30,106.39,105.27,106.9,104.99,1022410.0
2024-05-06,106.39,106.2,107.31,105.78,1078318.0
2024-05-07,106.15,105.78,106.39,105.55,659792.0
2024-05-08,105.37,104.21,105.69,104.07,783103.0
2024-05-09,104.44,104.81,105.32,104.39,742667.0
2024-05-10,104.95,105.5,105.88,104.53,905794.0
2024-05-13,105.37,105.13,105.83,104.11,814225.0
2024-05-14,105.27,105.27,105.37,104.44,669019.0
2024-05-15,105.5,104.07,105.64,104.02,774121.0
2024-05-16,104.3,104.21,105.13,104.02,605089.0
2024-05-17,104.21,106.11,106.25,103.97,1010141.0
2024-05-20,106.11,106.57,107.59,105.92,1325606.0
2024-05-21,106.29,106.34,106.9,105.92,565401.0
2024-05-22,106.15,106.66,106.9,105.92,644842.0
2024-05-23,106.2,104.62,106.48,104.48,863178.0
2024-05-24,104.3,103.32,104.85,103.0,726459.0
2024-05-27,103.37,103.97,104.11,103.09,583703.0
2024-05-28,103.74,103.46,104.81,103.37,470922.0
2024-05-29,103.18,103.6,104.3,103.18,379778.0
2024-05-30,103.32,103.18,103.74,102.67,475489.0
2024-05-31,103.56,103.46,104.48,103.28,519552.0
2024-06-03,103.14,102.58,103.18,102.21,585957.0
2024-06-04,102.58,103.18,103.42,102.58,486497.0
2024-06-05,103.0,103.09,103.69,103.0,451342.0
2024-06-06,103.28,102.86,103.74,102.58,592333.0
2024-06-07,103.14,102.35,103.37,101.51,571643.0
2024-06-11,101.89,102.16,102.81,101.89,452710.0
2024-06-12,102.02,101.89,102.35,101.84,415911.0
2024-06-13,101.98,101.79,102.26,101.51,461596.0
2024-06-14,101.7,103.51,104.16,101.51,1211654.0
2024-06-17,102.95,103.65,103.69,102.72,596441.0
2024-06-18,103.6,103.88,104.72,103.37,574730.0
2024-06-19,104.02,103.05,104.02,103.0,463449.0
2024-06-20,103.05,102.35,103.37,102.26,423174.0
2024-06-21,102.44,102.63,103.32,101.75,604170.0
2024-06-24,102.49,102.53,103.23,102.44,519767.0
2024-06-25,102.58,101.14,102.72,100.59,749159.0
2024-06-26,101.0,102.44,102.67,100.68,510173.0
2024-06-27,102.26,102.44,102.72,101.75,541513.0
2024-06-28,102.26,101.65,103.37,101.19,707386.0
2024-07-01,101.47,101.51,101.89,100.59,466210.0
2024-07-02,101.28,101.47,102.4,101.19,400207.0
2024-07-03,101.47,102.35,102.58,100.91,434344.0
2024-07-04,102.21,100.77,102.67,100.73,520144.0
2024-07-05,101.05,99.7,101.05,99.19,786784.0
2024-07-08,99.19,98.27,99.57,98.03,602173.0
2024-07-09,98.13,99.94,100.17,97.57,641412.0
2024-07-10,99.7,101.37,102.67,99.47,917488.0
2024-07-11,101.79,102.07,102.67,101.42,558238.0
2024-07-12,102.12,102.26,102.49,101.65,362182.0
2024-07-15,102.26,102.72,103.14,102.07,534401.0
2024-07-16,102.86,103.97,104.53,102.44,849412.0
2024-07-17,103.83,104.53,104.81,103.65,837772.0
2024-07-18,104.58,105.09,105.23,103.56,884104.0
2024-07-19,105.04,107.04,107.27,104.85,1591096.0
2024-07-22,109.82,110.75,110.98,107.87,3704495.0
2024-07-23,109.17,106.15,109.26,106.06,2571229.0
2024-07-24,105.55,104.67,106.62,104.11,1687897.0
2024-07-25,104.48,105.32,106.8,104.25,1306207.0
2024-07-26,104.85,106.43,107.73,104.62,1134245.0
2024-07-29,105.46,104.67,106.11,104.58,959431.0
2024-07-30,104.39,104.85,105.09,104.02,700063.0
2024-07-31,104.85,108.94,110.42,104.67,2253176.0
2024-08-01,107.78,107.92,109.03,107.59,1264389.0
2024-08-02,107.45,106.2,108.24,105.92,977032.0
2024-08-05,105.78,105.78,107.18,105.64,966170.0
2024-08-06,106.71,105.74,106.94,104.9,750600.0
2024-08-07,105.78,105.09,106.25,104.9,572451.0
2024-08-08,104.9,105.55,106.25,104.53,647325.0
2024-08-09,105.88,104.72,106.15,104.67,539984.0
2024-08-12,104.39,104.62,104.85,103.93,450726.0
2024-08-13,104.53,105.5,105.6,104.3,474724.0
2024-08-14,105.18,104.53,105.55,104.44,465023.0
2024-08-15,104.48,105.92,106.62,104.34,835145.0
2024-08-16,105.69,105.69,106.2,105.23,453321.0
2024-08-19,105.55,105.41,106.25,105.27,433058.0
2024-08-20,105.5,104.9,105.6,104.62,416586.0
2024-08-21,104.76,104.85,105.13,104.25,379242.0
2024-08-22,105.23,103.97,105.64,103.56,502415.0
2024-08-23,103.88,105.69,106.15,103.79,686559.0
2024-08-26,105.71,104.92,106.13,104.51,588413.0
2024-08-27,104.65,104.92,105.16,104.0,402103.0
2024-08-28,104.69,104.79,105.25,104.32,333701.0
2024-08-29,105.11,106.46,107.2,104.92,866324.0
2024-08-30,106.27,108.78,109.66,106.13,1421581.0
2024-09-02,108.31,107.06,108.36,107.01,653954.0
2024-09-03,107.01,107.99,108.59,107.01,508719.0
2024-09-04,107.66,107.99,108.78,107.66,467109.0
2024-09-05,107.66,107.94,108.27,107.29,523895.0
2024-09-06,109.47,107.71,110.12,107.62,1176128.0
2024-09-09,106.46,107.34,108.36,106.27,729015.0
2024-09-10,107.62,106.87,107.71,106.27,530734.0
2024-09-11,106.73,107.43,107.8,106.6,460408.0
2024-09-12,107.52,106.87,107.62,106.69,341256.0
2024-09-13,107.01,107.06,107.8,106.69,461500.0
2024-09-18,106.5,107.15,107.48,106.36,379326.0
2024-09-19,107.76,109.01,109.75,107.2,989389.0
2024-09-20,108.82,108.78,109.1,108.03,629197.0
2024-09-23,108.92,108.87,109.61,108.22,536511.0
2024-09-24,110.72,115.88,115.92,109.29,2869163.0
2024-09-25,118.06,117.45,120.33,116.94,3007318.0
2024-09-26,116.76,123.58,123.62,116.76,3093203.0
2024-09-27,127.85,134.02,134.02,124.6,2799347.0
2024-09-30,145.48,145.48,145.48,141.95,3949175.0
2024-10-08,158.1,158.1,158.1,158.1,1475213.0
2024-10-09,163.11,160.1,171.88,152.77,13514551.0
2024-10-10,154.3,148.03,157.27,146.78,7746704.0
2024-10-11,145.48,149.98,153.09,143.07,4859990.0
2024-10-14,149.05,146.69,149.1,140.24,4504191.0
2024-10-15,144.55,143.25,148.22,142.97,2781009.0
2024-10-16,140.42,141.81,145.2,140.24,2594892.0
2024-10-17,142.23,140.65,144.51,140.56,2065194.0
2024-10-18,140.47,148.78,152.81,140.38,5711829.0
2024-10-21,146.59,146.69,148.73,145.48,3633977.0
2024-10-22,146.78,147.66,148.78,146.04,2238021.0
2024-10-23,147.71,147.2,150.07,146.73,2793650.0
2024-10-24,146.41,145.85,147.85,145.06,1629023.0
2024-10-25,145.85,146.87,148.68,145.48,1665721.0
2024-10-28,146.92,146.83,147.38,146.13,1345732.0
2024-10-29,146.97,145.62,149.01,145.48,1868916.0
2024-10-30,145.71,146.69,148.17,145.34,1944753.0
2024-10-31,146.41,149.75,152.91,145.48,4095204.0
2024-11-01,149.75,148.96,152.07,148.45,2721582.0
2024-11-04,149.24,154.11,154.16,149.24,2742897.0
2024-11-05,154.9,160.65,163.07,152.39,4274424.0
2024-11-06,163.16,163.49,172.39,161.21,5450964.0
2024-11-07,160.79,177.92,177.92,160.79,4804505.0
2024-11-08,188.59,181.12,188.59,179.59,7454303.0
2024-11-11,174.95,181.12,184.46,172.86,5133058.0
2024-11-12,181.16,176.71,182.14,173.23,4145650.0
2024-11-13,172.39,172.02,174.67,169.94,3647055.0
2024-11-14,172.07,170.86,175.32,170.49,2554451.0
2024-11-15,170.86,163.72,172.39,163.62,3022570.0
2024-11-18,163.35,161.58,165.02,160.24,2450264.0
2024-11-19,161.72,164.51,165.53,160.7,2194106.0
2024-11-20,164.69,166.55,168.5,163.16,2172904.0
2024-11-21,165.53,167.24,168.31,164.88,1904306.0
2024-11-22,167.24,160.0,167.66,159.59,2305779.0
2024-11-25,160.0,156.9,160.79,154.48,2318101.0
2024-11-26,156.99,157.17,159.63,156.57,1365193.0
2024-11-27,157.04,159.77,159.82,156.11,1783034.0
2024-11-28,160.14,157.87,160.38,157.59,1281967.0
2024-11-29,157.92,161.95,167.2,157.31,2932909.0
2024-12-02,161.26,164.37,165.25,160.75,1932380.0
2024-12-03,164.37,163.49,165.25,161.72,1542309.0
2024-12-04,163.11,162.19,164.04,161.35,1178786.0
2024-12-05,161.72,162.65,164.27,161.49,1158933.0
2024-12-06,162.65,164.23,166.08,161.49,2054177.0
2024-12-09,163.81,163.67,164.88,161.95,1258572.0
2024-12-10,172.39,165.34,172.39,164.92,3066784.0
2024-12-11,165.11,164.69,166.45,163.86,1311480.0
2024-12-12,164.41,166.18,167.66,163.3,1694641.0
2024-12-13,164.69,160.42,164.74,160.19,2013226.0
2024-12-16,159.87,158.61,160.1,158.24,1263453.0
2024-12-17,158.52,159.54,161.49,158.06,1197166.0
2024-12-18,160.33,159.82,160.79,159.31,698694.0
2024-12-19,158.47,160.0,160.28,157.92,921468.0
2024-12-20,160.0,161.16,162.19,159.73,977712.0
2024-12-23,160.05,159.22,162.05,159.03,1045889.0
2024-12-24,159.22,161.07,161.35,159.12,1082009.0
2024-12-25,161.16,160.0,161.4,159.12,940862.0
2024-12-26,160.0,160.28,161.12,159.36,811412.0
2024-12-27,160.33,160.61,163.11,159.22,1792644.0
2024-12-30,160.05,161.95,162.09,159.59,1206691.0
2024-12-31,162.05,155.74,162.23,155.64,1980813.0
2025-01-02,154.85,147.75,154.95,146.46,2828487.0
2025-01-03,147.24,145.53,148.31,144.92,1839546.0
2025-01-06,144.74,145.94,146.18,143.44,1236877.0
2025-01-07,146.13,146.41,147.15,144.78,979724.0
2025-01-08,146.22,145.57,146.97,143.35,1192336.0
2025-01-09,145.34,145.16,146.22,144.74,630008.0
2025-01-10,145.34,143.16,146.04,143.16,800250.0
2025-01-13,141.77,143.39,143.76,141.77,660664.0
2025-01-14,143.9,148.91,149.19,143.58,1666249.0
2025-01-15,147.94,147.38,148.73,146.97,888640.0
2025-01-16,148.22,146.83,149.33,145.76,884584.0
2025-01-17,146.18,147.1,148.4,146.18,670563.0
2025-01-20,148.22,147.52,149.61,147.15,909528.0
2025-01-21,148.45,147.62,148.64,146.83,729070.0
2025-01-22,147.29,146.73,147.66,146.13,700671.0
2025-01-23,149.47,147.75,152.63,147.66,1624528.0
2025-01-24,147.66,148.17,149.1,147.24,969037.0
2025-01-27,148.59,145.34,148.68,145.3,886260.0
2025-02-05,146.92,145.43,146.92,144.92,786529.0
2025-02-06,145.2,147.38,147.8,144.92,1044842.0
2025-02-07,147.29,150.96,153.42,146.73,2157366.0
2025-02-10,151.05,151.0,151.7,150.12,1089053.0
2025-02-11,150.82,150.17,150.91,149.52,890392.0
2025-02-12,150.17,151.56,151.93,148.96,1159838.0
2025-02-13,151.56,150.86,152.95,150.31,1476617.0
2025-02-14,150.31,151.42,152.02,150.12,986332.0
2025-02-17,152.63,151.65,153.23,150.77,1208649.0
2025-02-18,151.19,148.17,151.37,147.8,1114981.0
2025-02-19,148.22,150.26,151.05,147.99,1000718.0
2025-02-20,149.98,149.8,150.59,149.01,712570.0
2025-02-21,149.8,152.44,153.14,148.96,1847404.0
2025-02-24,152.44,151.93,153.46,150.82,1197933.0
2025-02-25,150.77,149.52,151.33,149.01,1038604.0
2025-02-26,149.75,152.39,152.39,149.19,1393827.0
2025-02-27,151.37,151.42,152.63,149.52,1444800.0
2025-02-28,151.05,147.2,153.0,147.06,1594991.0
2025-03-03,147.66,147.34,149.38,146.64,1065090.0
2025-03-04,146.69,147.34,147.94,146.41,641731.0
2025-03-05,147.34,147.24,147.89,146.22,781856.0
2025-03-06,148.03,150.31,150.77,147.99,1562844.0
2025-03-07,149.38,148.36,149.8,148.08,957912.0
2025-03-10,147.99,146.78,147.99,146.32,904438.0
2025-03-11,145.67,147.06,147.1,145.25,779486.0
2025-03-12,147.06,147.06,149.01,146.55,975786.0
2025-03-13,146.83,146.13,147.75,145.57,860429.0
2025-03-14,146.73,150.63,152.44,146.32,2612084.0
2025-03-17,151.14,149.66,151.14,149.52,1040020.0
2025-03-18,150.12,150.07,150.82,149.56,684072.0
2025-03-19,149.98,149.98,150.72,149.52,677623.0
2025-03-20,149.98,148.82,150.07,148.5,641191.0
2025-03-21,148.45,146.08,148.96,145.9,977013.0
2025-03-24,146.08,146.55,146.59,145.67,668790.0
2025-03-25,146.59,145.76,146.69,145.67,539051.0
2025-03-26,145.76,145.57,146.18,145.39,564081.0
2025-03-27,145.39,145.2,146.41,144.32,725472.0
2025-03-28,145.57,144.74,145.81,144.41,658976.0
2025-03-31,144.37,143.44,144.92,142.42,797839.0
2025-04-01,143.44,143.07,144.09,142.84,596398.0
2025-04-02,142.88,143.53,143.86,142.65,456719.0
2025-04-03,142.42,143.07,144.37,142.42,558678.0
2025-04-07,136.39,131.84,137.17,130.82,2277300.0
2025-04-08,132.26,134.07,134.48,131.19,1718956.0
2025-04-09,133.79,135.88,136.94,132.44,1423352.0
2025-04-10,137.55,137.04,138.24,134.99,1227315.0
2025-04-11,136.99,138.06,139.12,136.52,932290.0
2025-04-14,138.43,137.45,138.66,137.36,635100.0
2025-04-15,137.27,136.9,137.36,136.11,562516.0
2025-04-16,136.8,137.08,137.55,135.32,662043.0
2025-04-17,136.62,137.17,137.55,136.25,481695.0
2025-04-18,136.66,137.08,137.55,136.39,476294.0
2025-04-21,136.71,137.45,137.69,136.34,441371.0
2025-04-22,137.31,136.76,137.78,136.76,459491.0
2025-04-23,137.45,136.99,137.69,136.57,483724.0
2025-04-24,136.94,136.39,137.55,136.15,519161.0
2025-04-25,136.85,137.31,137.92,136.76,670113.0
2025-04-28,137.31,136.99,137.36,136.39,440656.0
2025-04-29,137.04,136.43,137.31,136.2,462586.0
2025-04-30,136.76,136.76,137.69,136.48,514514.0
2025-05-06,137.69,138.75,139.54,137.31,819030.0
2025-05-07,142.33,139.49,142.97,139.22,1173234.0
2025-05-08,139.36,140.38,141.95,138.94,836747.0
2025-05-09,140.1,138.94,140.47,138.89,476958.0
2025-05-12,140.01,142.42,142.79,139.4,1314582.0
2025-05-13,143.35,141.44,143.58,141.3,796426.0
2025-05-14,141.26,145.99,149.1,141.07,2739056.0
2025-05-15,144.74,143.72,145.71,143.44,994565.0
2025-05-16,143.21,142.0,144.18,141.63,714800.0
2025-05-19,141.86,141.54,142.14,141.12,492746.0
2025-05-20,141.77,141.44,142.33,141.3,505241.0
2025-05-21,141.44,141.21,141.95,141.17,536492.0
2025-05-22,141.03,140.98,141.35,140.38,443995.0
2025-05-23,140.7,139.49,141.72,139.45,664482.0
2025-05-26,139.4,139.26,139.96,138.85,450699.0
2025-05-27,139.12,138.75,139.31,138.33,435105.0
2025-05-28,138.89,138.33,139.08,138.06,354733.0
2025-05-29,138.29,139.63,140.05,138.29,542716.0
2025-05-30,139.08,138.8,139.4,138.1,549771.0
2025-06-03,138.24,139.12,140.01,138.06,549946.0
2025-06-04,139.08,140.52,141.26,138.98,639143.0
2025-06-05,140.65,141.86,142.09,140.38,852046.0
2025-06-06,141.86,140.93,142.33,140.79,504054.0
2025-06-09,141.4,143.02,143.49,141.4,908770.0
2025-06-10,143.02,140.79,143.3,140.19,735344.0
2025-06-11,141.26,142.79,144.27,141.03,1032666.0
2025-06-12,141.81,143.07,144.18,141.3,748015.0
2025-06-13,142.65,142.42,143.07,141.86,737265.0
2025-06-16,141.95,144.18,144.51,141.81,780961.0
2025-06-17,144.14,144.27,144.37,143.44,514968.0
2025-06-18,144.27,142.79,144.32,142.19,523048.0
2025-06-19,142.65,140.61,142.97,140.38,652147.0
2025-06-20,140.61,140.47,141.26,140.47,419924.0
2025-06-23,140.01,142.09,142.42,139.87,552358.0
2025-06-24,142.33,145.25,145.99,142.23,1364250.0
2025-06-25,145.39,150.45,151.23,144.97,2856361.0
2025-06-26,150.21,148.31,150.59,148.22,1669402.0
2025-06-27,148.68,148.36,152.44,147.99,1776585.0
2025-06-30,148.5,148.54,149.61,147.29,968626.0
2025-07-01,148.59,147.48,149.29,147.1,707623.0
2025-07-02,147.52,146.97,148.08,146.73,575251.0
2025-07-03,147.48,148.78,149.15,147.34,725989.0
2025-07-04,148.45,148.73,150.54,147.29,1021394.0
2025-07-07,148.13,149.33,149.89,147.94,572224.0
2025-07-08,149.01,150.4,150.68,148.96,845803.0
2025-07-09,150.4,149.42,151.51,149.19,807702.0
2025-07-10,149.29,151.37,152.26,149.01,1421972.0
2025-07-11,151.84,153.37,156.29,151.05,2465015.0
2025-07-14,153.88,152.21,154.11,152.07,1009297.0
2025-07-15,152.39,151.42,153.18,150.68,943268.0
2025-07-16,151.42,150.68,151.84,149.84,761524.0
2025-07-17,150.63,151.47,152.07,150.35,639997.0
2025-07-18,151.7,151.88,152.44,151.05,666698.0
2025-07-21,152.39,154.48,154.99,151.88,1329005.0
2025-07-22,154.48,154.62,155.32,152.81,1121874.0
2025-07-23,154.99,158.57,159.87,154.95,2887813.0
2025-07-24,157.55,159.77,160.89,157.17,2097841.0
2025-07-25,160.0,158.2,160.61,157.78,1213935.0
2025-07-28,158.33,159.4,161.58,157.92,1257925.0
2025-07-29,158.66,159.36,159.54,157.04,1229931.0
2025-07-30,159.12,158.57,161.12,157.04,1268809.0
2025-07-31,157.68,155.04,159.12,154.25,1413395.0
2025-08-01,154.95,153.79,155.88,153.55,963891.0
2025-08-04,153.32,154.53,154.9,153.09,713718.0
2025-08-05,154.76,155.78,156.25,154.39,913589.0
2025-08-06,155.41,155.69,156.15,154.76,739240.0
2025-08-07,155.92,155.46,157.04,154.67,880056.0
2025-08-08,155.41,154.39,155.46,154.11,654561.0
2025-08-11,154.44,156.71,157.96,154.44,1267735.0
2025-08-12,156.99,157.17,157.59,156.39,820513.0
2025-08-13,157.96,157.82,159.87,156.43,2000479.0
2025-08-14,158.24,157.96,160.52,157.59,1861877.0
2025-08-15,157.96,164.69,166.59,157.31,4008066.0
2025-08-18,165.11,167.48,170.26,163.76,3566482.0
2025-08-19,166.55,164.32,168.08,163.95,1968583.0
2025-08-20,163.76,164.92,164.97,161.21,1858230.0
2025-08-21,165.85,163.67,166.18,162.93,1379013.0
2025-08-22,163.62,169.8,169.89,163.58,2704920.0
2025-08-25,172.49,170.82,172.63,168.45,2514492.0
2025-08-26,169.89,168.68,170.58,168.45,1399983.0
2025-08-27,168.64,165.02,170.54,164.92,2094917.0
2025-08-28,165.06,167.85,167.85,164.09,1639484.0
2025-08-29,168.78,167.75,170.54,167.15,2486871.0
2025-09-01,167.8,166.32,168.08,165.06,1708743.0
2025-09-02,166.45,164.51,167.06,163.95,1700846.0
2025-09-03,165.39,159.91,165.85,158.66,1884761.0
2025-09-04,159.77,158.84,160.47,157.17,1815807.0
2025-09-05,158.89,160.1,160.19,157.78,1333731.0
2025-09-08,159.96,158.33,159.96,157.87,1551198.0
2025-09-09,158.33,158.66,159.68,158.01,1179284.0
2025-09-10,158.89,158.47,159.45,157.82,884048.0
2025-09-11,158.06,162.42,162.42,157.64,1863991.0
2025-09-12,162.56,159.87,162.88,159.49,1479843.0
2025-09-15,160.24,158.98,161.58,158.2,1724541.0
2025-09-16,159.03,157.55,160.24,157.22,2083444.0
2025-09-17,157.59,156.2,158.61,156.06,3024153.0
2025-09-18,156.29,153.23,157.13,152.3,3729979.0
2025-09-19,152.77,153.04,154.39,152.26,1662300.0
2025-09-22,153.69,155.23,155.69,153.28,1559234.0
2025-09-23,154.53,153.93,155.36,152.77,1497357.0
2025-09-24,153.23,154.81,155.64,153.18,1558198.0
2025-09-25,154.53,154.9,155.5,154.16,1328063.0
2025-09-26,154.71,154.95,156.2,153.97,1266431.0
2025-09-29,154.95,162.79,167.8,154.48,5937714.0
2025-09-30,162.19,160.42,163.67,159.68,2950388.0
2025-10-09,159.03,159.26,162.05,157.87,3807985.0
2025-10-10,159.22,159.4,162.14,158.75,2675856.0
2025-10-13,155.78,157.17,158.52,155.36,2110493.0
2025-10-14,157.17,156.39,159.54,155.92,1955125.0
2025-10-15,156.9,159.45,159.63,156.52,1964852.0
2025-10-16,159.03,159.26,160.79,158.57,1597315.0
2025-10-17,159.31,156.66,160.56,156.48,1739899.0
2025-10-20,158.1,157.31,158.75,156.8,1227307.0
2025-10-21,157.68,157.92,161.4,157.22,3068678.0
2025-10-22,157.27,157.13,157.31,156.34,1226948.0
2025-10-23,157.17,158.66,158.94,155.55,1403605.0
2025-10-24,158.8,160.28,161.16,158.57,2990943.0
2025-10-27,162.05,160.84,163.81,160.1,4612142.0
2025-10-28,160.79,160.89,162.46,159.96,2263316.0
2025-10-29,160.65,162.28,163.02,160.19,3136702.0
2025-10-30,161.77,159.4,161.95,159.12,2452208.0
2025-10-31,159.59,158.01,160.28,157.96,1671532.0
2025-11-03,157.87,157.27,158.01,155.92,1393517.0
2025-11-04,157.08,156.62,157.41,156.06,1197589.0
2025-11-05,155.92,156.52,157.04,155.88,940559.0
2025-11-06,156.8,157.13,158.24,156.71,1625618.0
2025-11-07,156.66,156.25,156.8,156.01,960721.0
2025-11-10,156.25,157.64,158.38,156.06,1621940.0
2025-11-11,157.82,156.52,158.1,156.25,1042995.0
2025-11-12,156.57,155.78,156.76,155.36,1086308.0
2025-11-13,155.69,156.62,156.8,155.6,1178749.0
2025-11-14,156.01,154.58,156.06,154.48,1201707.0
2025-11-17,154.44,152.95,154.44,152.81,1077709.0
2025-11-18,152.86,152.63,153.6,152.39,915154.0
2025-11-19,152.63,153.0,153.55,152.53,844813.0
2025-11-20,155.55,153.0,155.97,152.91,1528643.0
2025-11-21,151.65,148.36,152.77,148.36,1695039.0
2025-11-24,148.82,148.78,149.29,148.17,891389.0
2025-11-25,149.15,149.15,149.98,148.82,802259.0
2025-11-26,149.38,149.75,150.31,149.01,681695.0
2025-11-27,149.42,149.66,150.72,149.38,648647.0
2025-11-28,149.8,149.7,149.94,148.87,746598.0
2025-12-01,149.29,150.07,150.35,149.19,707987.0
2025-12-02,150.03,148.68,150.17,148.59,652922.0
2025-12-03,149.05,147.66,149.61,147.1,781105.0
2025-12-04,147.62,147.89,148.73,147.06,692376.0
2025-12-05,147.89,150.96,152.02,147.71,1637905.0
2025-12-08,153.37,154.85,156.52,153.37,3146217.0
2025-12-09,154.02,154.07,155.46,153.37,1301285.0
2025-12-10,153.55,154.02,154.25,152.35,992897.0
2025-12-11,154.16,152.95,154.3,152.3,742250.0
2025-12-12,152.81,153.51,154.2,151.98,1067570.0
2025-12-15,152.81,154.16,155.97,152.44,1193241.0
2025-12-16,153.65,153.83,155.27,152.91,1001616.0
2025-12-17,153.83,156.11,156.94,153.46,1617038.0
2025-12-18,155.78,154.07,155.78,153.79,1135938.0
2025-12-19,154.3,154.76,155.97,153.79,983482.0
2025-12-22,154.48,154.62,155.27,154.39,753313.0
2025-12-23,154.76,154.53,155.69,154.34,940647.0
2025-12-24,154.44,155.04,155.46,154.16,789519.0
2025-12-25,155.09,156.06,156.34,154.85,1044948.0
2025-12-26,156.06,156.71,158.1,155.78,1413526.0
2025-12-29,156.39,155.97,156.9,155.6,906711.0
2025-12-30,155.6,155.46,156.34,155.09,854348.0
2025-12-31,155.32,154.9,156.57,154.76,856348.0
