区间,方案,CAGR,年化算术均值,年化波动,Sharpe,最大回撤,双边换手,期末金额
训练,等权,0.05189027228435639,0.06415560553281821,0.16468268450744983,0.269319147215384,0.31054090939278944,3.6519195580835313,131709.41891132094
训练,最小方差,0.04639557287927021,0.05255617729843788,0.12000572599587438,0.27292674284085566,0.16163704932540102,3.017043329108928,128006.84637335716
训练,目标8%,0.07223652442331474,0.07746537423207624,0.12418985877990095,0.4643049715849797,0.15767100625461683,3.257182554567594,146189.2613479865
验证,等权,0.2353533073357339,0.22063442787927345,0.13630408390439458,1.4734042938875347,0.0728168186647139,1.3184640999699713,122503.55023968074
验证,最小方差,0.21927524765612016,0.2045098269202103,0.11154447358372871,1.6558993521219345,0.06594519553195988,1.2516418269549825,120972.0446078952
验证,目标8%,0.17726382826349862,0.1699732667944207,0.11651320834424564,1.288865559092688,0.06256935761655968,1.2870048329110162,116966.46050336605
测试,等权,0.002666216169380675,0.006767750154167591,0.09058330895587202,-0.1439079161075301,0.05939643615894574,1.2883496654258715,100257.08718682415
测试,最小方差,0.010307527774328973,0.013075295911750993,0.07517260067207195,-0.08950215115918332,0.04768607671010394,1.233929933703338,100993.75787826635
测试,目标8%,0.004898949567009536,0.007920110265177525,0.07795920404851611,-0.15242966189802146,0.04258521655537417,1.2318782835954214,100472.35745194263
